Format Version,1.23,Take Name,Take 2024-06-23 04.08.03 PM,Take Notes,,Capture Frame Rate,100,Export Frame Rate,100,Capture Start Time,2024-06-23 04.08.04.129 PM,Capture Start Frame,44304,Total Frames in Take,1501,Total Exported Frames,1501,Rotation Type,Quaternion,Length Units,Meters,Coordinate Space,Global
,,,,,,,,,,,,,,,,,,,,,,,
,Type,Marker,Marker,Marker,Marker,Marker,Marker,Marker,Marker,Marker,Marker,Marker,Marker,Marker,Marker,Marker,Marker,Marker,Marker,,,,
,Name,Unlabeled 1006,Unlabeled 1006,Unlabeled 1006,Unlabeled 1007,Unlabeled 1007,Unlabeled 1007,Unlabeled 1008,Unlabeled 1008,Unlabeled 1008,Unlabeled 1009,Unlabeled 1009,Unlabeled 1009,Unlabeled 1010,Unlabeled 1010,Unlabeled 1010,Unlabeled 1011,Unlabeled 1011,Unlabeled 1011,,,,
,ID,734930B2D6312E11EF,734930B2D6312E11EF,734930B2D6312E11EF,764930B2D6312E11EF,764930B2D6312E11EF,764930B2D6312E11EF,774930B2D6312E11EF,774930B2D6312E11EF,774930B2D6312E11EF,784930B2D6312E11EF,784930B2D6312E11EF,784930B2D6312E11EF,794930B2D6312E11EF,794930B2D6312E11EF,794930B2D6312E11EF,7A4930B2D6312E11EF,7A4930B2D6312E11EF,7A4930B2D6312E11EF,,,,
,,Position,Position,Position,Position,Position,Position,Position,Position,Position,Position,Position,Position,Position,Position,Position,Position,Position,Position,,,,
Frame,Time (Seconds),X,Y,Z,,,,,,,,,,,,,,,,,,,
0,0,0,0,0,,,,,,,,,,,,,,,,,,,
1,0.01,-1.8E-05,-6E-06,4E-06,,,,,,,,,,,,,,,,,,,
2,0.02,-1.4E-05,-2.2E-05,-1.2E-05,,,,,,,,,,,,,,,,,,,
3,0.03,-7.9E-05,6E-06,-2.6E-05,,,,,,,,,,,,,,,,,,,
4,0.04,-6.2E-05,-3.1E-05,-5.7E-05,,,,,,,,,,,,,,,,,,,
5,0.05,-5.9E-05,-4.1E-05,-4.4E-05,,,,,,,,,,,,,,,,,,,
6,0.06,-0.000157,-2.6E-05,-9.1E-05,,,,,,,,,,,,,,,,,,,
7,0.07,-0.000162,-5.8E-05,-7.4E-05,,,,,,,,,,,,,,,,,,,
8,0.08,-0.000184,-5.4E-05,-9.3E-05,,,,,,,,,,,,,,,,,,,
9,0.09,-0.000157,-6.6E-05,-7.6E-05,,,,,,,,,,,,,,,,,,,
10,0.1,-0.000174,-3.5E-05,-8.3E-05,,,,,,,,,,,,,,,,,,,
11,0.11,-0.000178,-3.2E-05,-7.5E-05,,,,,,,,,,,,,,,,,,,
12,0.12,-0.000119,-9.1E-05,-4.7E-05,,,,,,,,,,,,,,,,,,,
13,0.13,-0.000137,-6.7E-05,-0.000101,,,,,,,,,,,,,,,,,,,
14,0.14,-0.000197,-3.1E-05,-7.9E-05,,,,,,,,,,,,,,,,,,,
15,0.15,-0.000154,-6.4E-05,-0.000111,,,,,,,,,,,,,,,,,,,
16,0.16,-0.000163,-6.7E-05,-0.000123,,,,,,,,,,,,,,,,,,,
17,0.17,-0.000108,-9.8E-05,-7.7E-05,,,,,,,,,,,,,,,,,,,
18,0.18,-0.000151,-5.8E-05,-0.000101,,,,,,,,,,,,,,,,,,,
19,0.19,-0.000226,-1.1E-05,-0.000129,,,,,,,,,,,,,,,,,,,
20,0.2,-0.000207,-3.7E-05,-0.000179,,,,,,,,,,,,,,,,,,,
21,0.21,-0.000169,-5.6E-05,-0.000137,,,,,,,,,,,,,,,,,,,
22,0.22,-0.000125,-6E-05,-0.000112,,,,,,,,,,,,,,,,,,,
23,0.23,-0.000185,-1.8E-05,-0.00017,,,,,,,,,,,,,,,,,,,
24,0.24,-0.000189,-3.7E-05,-0.00018,,,,,,,,,,,,,,,,,,,
25,0.25,-0.000119,-6.2E-05,-0.000175,,,,,,,,,,,,,,,,,,,
26,0.26,-5.8E-05,-6E-05,-9.5E-05,,,,,,,,,,,,,,,,,,,
27,0.27,-0.000104,-8E-06,-0.000124,,,,,,,,,,,,,,,,,,,
28,0.28,-0.000173,3.4E-05,-0.000135,,,,,,,,,,,,,,,,,,,
29,0.29,-0.000172,2.3E-05,-0.000132,,,,,,,,,,,,,,,,,,,
30,0.3,-0.000115,-1.9E-05,-8.8E-05,,,,,,,,,,,,,,,,,,,
31,0.31,-0.000104,-2.1E-05,-4.2E-05,,,,,,,,,,,,,,,,,,,
32,0.32,-0.000169,1.9E-05,-5.8E-05,,,,,,,,,,,,,,,,,,,
33,0.33,-0.000215,3E-05,-0.000119,,,,,,,,,,,,,,,,,,,
34,0.34,-0.000202,1.3E-05,-9.3E-05,,,,,,,,,,,,,,,,,,,
35,0.35,-0.000139,-2.5E-05,-6.1E-05,,,,,,,,,,,,,,,,,,,
36,0.36,-0.000154,1.4E-05,-3.5E-05,,,,,,,,,,,,,,,,,,,
37,0.37,-0.00019,5.5E-05,-4.8E-05,,,,,,,,,,,,,,,,,,,
38,0.38,-0.000209,4.9E-05,-5.7E-05,,,,,,,,,,,,,,,,,,,
39,0.39,-0.000223,6.6E-05,-6.5E-05,,,,,,,,,,,,,,,,,,,
40,0.4,-0.000144,3.5E-05,-7E-06,,,,,,,,,,,,,,,,,,,
41,0.41,-0.000168,5.6E-05,-1.3E-05,,,,,,,,,,,,,,,,,,,
42,0.42,-0.000243,9.7E-05,-2.1E-05,,,,,,,,,,,,,,,,,,,
43,0.43,-0.000196,7.8E-05,-3.8E-05,,,,,,,,,,,,,,,,,,,
44,0.44,-0.00017,9.5E-05,3E-05,,,,,,,,,,,,,,,,,,,
45,0.45,-0.000152,0.000111,2.4E-05,,,,,,,,,,,,,,,,,,,
46,0.46,-0.000211,0.000136,3.6E-05,,,,,,,,,,,,,,,,,,,
47,0.47,-0.000284,0.000177,2.4E-05,,,,,,,,,,,,,,,,,,,
48,0.48,-0.000244,0.000143,7.8E-05,,,,,,,,,,,,,,,,,,,
49,0.49,-0.000154,0.000131,0.000115,,,,,,,,,,,,,,,,,,,
50,0.5,-0.000174,0.000182,0.00016,,,,,,,,,,,,,,,,,,,
51,0.51,-0.000235,0.000235,0.000267,,,,,,,,,,,,,,,,,,,
52,0.52,-0.000276,0.000283,0.000343,,,,,,,,,,,,,,,,,,,
53,0.53,-0.000231,0.000289,0.000451,,,,,,,,,,,,,,,,,,,
54,0.54,-0.000181,0.000283,0.00054,,,,,,,,,,,,,,,,,,,
55,0.55,-0.000219,0.000336,0.000555,,,,,,,,,,,,,,,,,,,
56,0.56,-0.000261,0.000361,0.000581,,,,,,,,,,,,,,,,,,,
57,0.57,-0.000203,0.000345,0.000619,,,,,,,,,,,,,,,,,,,
58,0.58,-0.000163,0.000339,0.000696,,,,,,,,,,,,,,,,,,,
59,0.59,-0.00021,0.000374,0.000645,,,,,,,,,,,,,,,,,,,
60,0.6,-0.000255,0.000409,0.000619,,,,,,,,,,,,,,,,,,,
61,0.61,-0.000214,0.000376,0.000652,,,,,,,,,,,,,,,,,,,
62,0.62,-0.000141,0.000345,0.000694,,,,,,,,,,,,,,,,,,,
63,0.63,-0.000108,0.000355,0.000698,,,,,,,,,,,,,,,,,,,
64,0.64,-0.000118,0.000377,0.00068,,,,,,,,,,,,,,,,,,,
65,0.65,-0.000172,0.00036,0.000635,,,,,,,,,,,,,,,,,,,
66,0.66,-0.00015,0.000277,0.000616,,,,,,,,,,,,,,,,,,,
67,0.67,-0.000103,0.000208,0.000671,,,,,,,,,,,,,,,,,,,
68,0.68,-0.000135,0.000187,0.00067,,,,,,,,,,,,,,,,,,,
69,0.69,-0.000254,0.00021,0.000607,,,,,,,,,,,,,,,,,,,
70,0.7,-0.000416,0.000216,0.000486,,,,,,,,,,,,,,,,,,,
71,0.71,-0.000425,0.000117,0.00047,,,,,,,,,,,,,,,,,,,
72,0.72,-0.000441,5.5E-05,0.000433,,,,,,,,,,,,,,,,,,,
73,0.73,-0.000467,5E-06,0.000351,,,,,,,,,,,,,,,,,,,
74,0.74,-0.000573,-1E-06,0.000268,,,,,,,,,,,,,,,,,,,
75,0.75,-0.000659,-1.4E-05,0.000245,,,,,,,,,,,,,,,,,,,
76,0.76,-0.000609,-7.2E-05,0.000294,,,,,,,,,,,,,,,,,,,
77,0.77,-0.000562,-9.5E-05,0.000321,,,,,,,,,,,,,,,,,,,
78,0.78,-0.000624,-8E-05,0.000338,,,,,,,,,,,,,,,,,,,
79,0.79,-0.000675,-0.000114,0.000317,,,,,,,,,,,,,,,,,,,
80,0.8,-0.00073,-0.000156,0.000272,,,,,,,,,,,,,,,,,,,
81,0.81,-0.000658,-0.000261,0.000239,,,,,,,,,,,,,,,,,,,
82,0.82,-0.000621,-0.000334,0.000205,,,,,,,,,,,,,,,,,,,
83,0.83,-0.000667,-0.000358,0.000124,,,,,,,,,,,,,,,,,,,
84,0.84,-0.00069,-0.000394,6.9E-05,,,,,,,,,,,,,,,,,,,
85,0.85,-0.000651,-0.00045,-2.7E-05,,,,,,,,,,,,,,,,,,,
86,0.86,-0.000584,-0.000485,-2.2E-05,,,,,,,,,,,,,,,,,,,
87,0.87,-0.00056,-0.000494,-1.2E-05,,,,,,,,,,,,,,,,,,,
88,0.88,-0.000641,-0.000451,-4.9E-05,,,,,,,,,,,,,,,,,,,
89,0.89,-0.000631,-0.000496,-2.3E-05,,,,,,,,,,,,,,,,,,,
90,0.9,-0.000628,-0.0005,-7E-06,,,,,,,,,,,,,,,,,,,
91,0.91,-0.000556,-0.000518,-5E-06,,,,,,,,,,,,,,,,,,,
92,0.92,-0.000553,-0.000502,-2.3E-05,,,,,,,,,,,,,,,,,,,
93,0.93,-0.000572,-0.000483,-4.5E-05,,,,,,,,,,,,,,,,,,,
94,0.94,-0.000569,-0.000491,-4.8E-05,,,,,,,,,,,,,,,,,,,
95,0.95,-0.000559,-0.000497,3.2E-05,,,,,,,,,,,,,,,,,,,
96,0.96,-0.00054,-0.000487,5.4E-05,,,,,,,,,,,,,,,,,,,
97,0.97,-0.000587,-0.000437,4E-05,,,,,,,,,,,,,,,,,,,
98,0.98,-0.000509,-0.00046,4.8E-05,,,,,,,,,,,,,,,,,,,
99,0.99,-0.000428,-0.000458,9.5E-05,,,,,,,,,,,,,,,,,,,
100,1,-0.000384,-0.000439,0.000124,,,,,,,,,,,,,,,,,,,
101,1.01,-0.000351,-0.000429,0.000112,,,,,,,,,,,,,,,,,,,
102,1.02,-0.000388,-0.000392,8.9E-05,,,,,,,,,,,,,,,,,,,
103,1.03,-0.000285,-0.00046,0.000161,,,,,,,,,,,,,,,,,,,
104,1.04,-0.000199,-0.000467,0.000215,,,,,,,,,,,,,,,,,,,
105,1.05,-0.000148,-0.000452,0.000229,,,,,,,,,,,,,,,,,,,
106,1.06,-0.000183,-0.000423,0.000195,,,,,,,,,,,,,,,,,,,
107,1.07,-0.000164,-0.000422,0.000231,,,,,,,,,,,,,,,,,,,
108,1.08,-7.2E-05,-0.000482,0.000287,,,,,,,,,,,,,,,,,,,
109,1.09,-2.7E-05,-0.000492,0.000324,,,,,,,,,,,,,,,,,,,
110,1.1,-0.000113,-0.000438,0.000314,,,,,,,,,,,,,,,,,,,
111,1.11,-0.000108,-0.000473,0.000308,,,,,,,,,,,,,,,,,,,
112,1.12,-9E-05,-0.00049,0.000349,,,,,,,,,,,,,,,,,,,
113,1.13,-9E-05,-0.000491,0.000372,,,,,,,,,,,,,,,,,,,
114,1.14,-0.000129,-0.000475,0.000427,,,,,,,,,,,,,,,,,,,
115,1.15,-0.000245,-0.000437,0.000392,,,,,,,,,,,,,,,,,,,
116,1.16,-0.000407,-0.000412,0.000464,,,,,,,,,,,,,,,,,,,
117,1.17,-0.000486,-0.000412,0.000607,,,,,,,,,,,,,,,,,,,
118,1.18,-0.000658,-0.000337,0.000774,,,,,,,,,,,,,,,,,,,
119,1.19,-0.001983,0.000761,0.002065,,,,,,,,,,,,,,,,,,,
120,1.2,0.004452,-0.002455,-0.003851,,,,,,,,,,,,,,,,,,,
121,1.21,0.004502,-0.002559,-0.004128,,,,,,,,,,,,,,,,,,,
122,1.22,0.004066,-0.002165,-0.003522,,,,,,,,,,,,,,,,,,,
123,1.23,0.003641,-0.00212,-0.003319,,,,,,,,,,,,,,,,,,,
124,1.24,0.003261,-0.002156,-0.003394,,,,,,,,,,,,,,,,,,,
125,1.25,0.003014,-0.002218,-0.00358,,,,,,,,,,,,,,,,,,,
126,1.26,0.002872,-0.002177,-0.0038,,,,,,,,,,,,,,,,,,,
127,1.27,0.002811,-0.002217,-0.004085,,,,,,,,,,,,,,,,,,,
128,1.28,0.002818,-0.002235,-0.004357,,,,,,,,,,,,,,,,,,,
129,1.29,0.002961,-0.00226,-0.004713,,,,,,,,,,,,,,,,,,,
130,1.3,0.003111,-0.002159,-0.00508,,,,,,,,,,,,,,,,,,,
131,1.31,0.003089,-0.0021,-0.005436,,,,,,,,,,,,,,,,,,,
132,1.32,0.002958,-0.002178,-0.005704,,,,,,,,,,,,,,,,,,,
133,1.33,0.003101,-0.002078,-0.00531,,,,,,,,,,,,,,,,,,,
134,1.34,0.003083,-0.002203,-0.005253,,,,,,,,,,,,,,,,,,,
135,1.35,0.003077,-0.002357,-0.005243,,,,,,,,,,,,,,,,,,,
136,1.36,0.003092,-0.002471,-0.005181,,,,,,,,,,,,,,,,,,,
137,1.37,0.003078,-0.002626,-0.005234,,,,,,,,,,,,,,,,,,,
138,1.38,0.002984,-0.00264,-0.005197,,,,,,,,,,,,,,,,,,,
139,1.39,0.002736,-0.002562,-0.005063,,,,,,,,,,,,,,,,,,,
140,1.4,0.002345,-0.002529,-0.004546,,,,,,,,,,,,,,,,,,,
141,1.41,0.002094,-0.002627,-0.004129,,,,,,,,,,,,,,,,,,,
142,1.42,0.00192,-0.002814,-0.003881,,,,,,,,,,,,,,,,,,,
143,1.43,0.001804,-0.002943,-0.003713,,,,,,,,,,,,,,,,,,,
144,1.44,0.001701,-0.003102,-0.003527,,,,,,,,,,,,,,,,,,,
145,1.45,0.001701,-0.003325,-0.003471,,,,,,,,,,,,,,,,,,,
146,1.46,0.001804,-0.00364,-0.003562,,,,,,,,,,,,,,,,,,,
147,1.47,0.001722,-0.003742,-0.003552,,,,,,,,,,,,,,,,,,,
148,1.48,0.001705,-0.003658,-0.003864,,,,,,,,,,,,,,,,,,,
149,1.49,0.00182,-0.003413,-0.004433,,,,,,,,,,,,,,,,,,,
150,1.5,0.001614,-0.003007,-0.004706,,,,,,,,,,,,,,,,,,,
151,1.51,0.001615,-0.002786,-0.005106,,,,,,,,,,,,,,,,,,,
152,1.52,0.001242,-0.002372,-0.005263,,,,,,,,,,,,,,,,,,,
153,1.53,0.00076,-0.001876,-0.005308,,,,,,,,,,,,,,,,,,,
154,1.54,5E-05,-0.001382,-0.00533,,,,,,,,,,,,,,,,,,,
155,1.55,-0.000859,-0.000868,-0.005292,,,,,,,,,,,,,,,,,,,
156,1.56,-0.00176,-0.000455,-0.005401,,,,,,,,,,,,,,,,,,,
157,1.57,-0.002655,-2.8E-05,-0.005446,,,,,,,,,,,,,,,,,,,
158,1.58,-0.003669,0.000459,-0.005358,,,,,,,,,,,,,,,,,,,
159,1.59,-0.004956,0.001107,-0.004952,,,,,,,,,,,,,,,,,,,
160,1.6,-0.006252,0.001771,-0.004584,,,,,,,,,,,,,,,,,,,
161,1.61,-0.007632,0.002469,-0.004116,,,,,,,,,,,,,,,,,,,
162,1.62,-0.009178,0.003351,-0.004235,,,,,,,,,,,,,,,,,,,
163,1.63,-0.011074,0.004444,-0.004325,,,,,,,,,,,,,,,,,,,
164,1.64,-0.012969,0.005789,-0.003973,,,,,,,,,,,,,,,,,,,
165,1.65,-0.015386,0.007251,-0.00332,,,,,,,,,,,,,,,,,,,
166,1.66,-0.017777,0.008493,-0.00307,,,,,,,,,,,,,,,,,,,
167,1.67,-0.020832,0.009847,-0.002515,,,,,,,,,,,,,,,,,,,
168,1.68,-0.024276,0.011561,-0.001427,,,,,,,,,,,,,,,,,,,
169,1.69,-0.028243,0.013246,-0.001665,,,,,,,,,,,,,,,,,,,
170,1.7,-0.032582,0.015648,-0.000611,,,,,,,,,,,,,,,,,,,
171,1.71,-0.03765,0.017795,-0.000325,,,,,,,,,,,,,,,,,,,
172,1.72,-0.043066,0.01996,0.00017,,,,,,,,,,,,,,,,,,,
173,1.73,-0.049115,0.022763,0.001566,,,,,,,,,,,,,,,,,,,
174,1.74,-0.055786,0.026587,0.002011,,,,,,,,,,,,,,,,,,,
175,1.75,-0.06305,0.030533,0.002835,,,,,,,,,,,,,,,,,,,
176,1.76,-0.070876,0.035013,0.003357,,,,,,,,,,,,,,,,,,,
177,1.77,-0.079552,0.039864,0.004405,,,,,,,,,,,,,,,,,,,
178,1.78,-0.089087,0.045046,0.004717,,,,,,,,,,,,,,,,,,,
179,1.79,-0.099619,0.050196,0.005158,,,,,,,,,,,,,,,,,,,
180,1.8,-0.111304,0.054946,0.005131,,,,,,,,,,,,,,,,,,,
181,1.81,-0.124131,0.059424,0.0049,,,,,,,,,,,,,,,,,,,
182,1.82,-0.13689,0.064282,0.00511,,,,,,,,,,,,,,,,,,,
183,1.83,-0.149845,0.070408,0.005515,,,,,,,,,,,,,,,,,,,
184,1.84,-0.163651,0.076487,0.005574,,,,,,,,,,,,,,,,,,,
185,1.85,-0.178775,0.082288,0.004706,,,,,,,,,,,,,,,,,,,
186,1.86,-0.194579,0.087828,0.004142,,,,,,,,,,,,,,,,,,,
187,1.87,-0.211335,0.092477,0.002924,,,,,,,,,,,,,,,,,,,
188,1.88,-0.228805,0.096098,0.001617,,,,,,,,,,,,,,,,,,,
189,1.89,-0.246594,0.098866,0.000559,,,,,,,,,,,,,,,,,,,
190,1.9,-0.265021,0.100521,-3.8E-05,,,,,,,,,,,,,,,,,,,
191,1.91,-0.283719,0.101259,-0.000794,,,,,,,,,,,,,,,,,,,
192,1.92,-0.302942,0.101191,-0.001092,,,,,,,,,,,,,,,,,,,
193,1.93,-0.322682,0.100532,-0.001546,,,,,,,,,,,,,,,,,,,
194,1.94,-0.342831,0.0995,-0.001599,,,,,,,,,,,,,,,,,,,
195,1.95,-0.363558,0.097943,-0.002329,,,,,,,,,,,,,,,,,,,
196,1.96,-0.384796,0.095966,-0.002369,,,,,,,,,,,,,,,,,,,
197,1.97,-0.406456,0.093772,-0.003281,,,,,,,,,,,,,,,,,,,
198,1.98,-0.428714,0.090979,-0.003959,,,,,,,,,,,,,,,,,,,
199,1.99,-0.451131,0.08766,-0.004713,,,,,,,,,,,,,,,,,,,
200,2,-0.474053,0.083809,-0.005067,,,,,,,,,,,,,,,,,,,
201,2.01,-0.497431,0.079493,-0.006156,,,,,,,,,,,,,,,,,,,
202,2.02,-0.52105,0.074679,-0.007184,,,,,,,,,,,,,,,,,,,
203,2.03,-0.544924,0.069826,-0.008096,,,,,,,,,,,,,,,,,,,
204,2.04,-0.568974,0.065171,-0.00822,,,,,,,,,,,,,,,,,,,
205,2.05,-0.593304,0.059847,-0.009216,,,,,,,,,,,,,,,,,,,
206,2.06,-0.617708,0.054831,-0.009019,,,,,,,,,,,,,,,,,,,
207,2.07,-0.642473,0.049638,-0.009457,,,,,,,,,,,,,,,,,,,
208,2.08,-0.667149,0.044499,-0.009837,,,,,,,,,,,,,,,,,,,
209,2.09,-0.692013,0.039578,-0.010426,,,,,,,,,,,,,,,,,,,
210,2.1,-0.716891,0.034865,-0.011113,,,,,,,,,,,,,,,,,,,
211,2.11,-0.74772,0.036944,-0.006176,,,,,,,,,,,,,,,,,,,
212,2.12,-0.772357,0.034576,-0.00771,,,,,,,,,,,,,,,,,,,
213,2.13,-0.79684,0.032641,-0.009346,,,,,,,,,,,,,,,,,,,
214,2.14,-0.820697,0.031228,-0.011348,,,,,,,,,,,,,,,,,,,
215,2.15,-0.84396,0.030883,-0.013478,,,,,,,,,,,,,,,,,,,
216,2.16,-0.866065,0.031075,-0.015642,,,,,,,,,,,,,,,,,,,
217,2.17,-0.887545,0.03189,-0.017819,,,,,,,,,,,,,,,,,,,
218,2.18,-0.908242,0.032977,-0.019913,,,,,,,,,,,,,,,,,,,
219,2.19,-0.928055,0.034276,-0.021828,,,,,,,,,,,,,,,,,,,
220,2.2,-0.946811,0.035908,-0.023862,,,,,,,,,,,,,,,,,,,
221,2.21,-0.965022,0.03807,-0.025552,,,,,,,,,,,,,,,,,,,
222,2.22,-0.981975,0.03996,-0.027318,,,,,,,,,,,,,,,,,,,
223,2.23,-0.997823,0.041752,-0.029162,,,,,,,,,,,,,,,,,,,
224,2.24,-1.012626,0.043507,-0.030966,,,,,,,,,,,,,,,,,,,
225,2.25,-1.026307,0.045111,-0.032725,,,,,,,,,,,,,,,,,,,
226,2.26,-1.038579,0.046114,-0.034205,,,,,,,,,,,,,,,,,,,
227,2.27,-1.04964,0.046774,-0.035389,,,,,,,,,,,,,,,,,,,
228,2.28,-1.05909,0.046937,-0.036339,,,,,,,,,,,,,,,,,,,
229,2.29,-1.067052,0.046492,-0.037121,,,,,,,,,,,,,,,,,,,
230,2.3,-1.073634,0.045588,-0.038042,,,,,,,,,,,,,,,,,,,
231,2.31,-1.079129,0.044102,-0.038838,,,,,,,,,,,,,,,,,,,
232,2.32,-1.083009,0.041475,-0.039398,,,,,,,,,,,,,,,,,,,
233,2.33,-1.085521,0.038034,-0.039763,,,,,,,,,,,,,,,,,,,
234,2.34,-1.08775,0.034551,-0.039738,,,,,,,,,,,,,,,,,,,
235,2.35,-1.089729,0.031143,-0.040469,,,,,,,,,,,,,,,,,,,
236,2.36,-1.092767,0.028152,-0.041955,,,,,,,,,,,,,,,,,,,
237,2.37,-1.096283,0.026043,-0.044547,,,,,,,,,,,,,,,,,,,
238,2.38,-1.099744,0.024574,-0.047174,,,,,,,,,,,,,,,,,,,
239,2.39,-1.103587,0.022748,-0.049041,,,,,,,,,,,,,,,,,,,
240,2.4,-1.107482,0.020333,-0.051364,,,,,,,,,,,,,,,,,,,
241,2.41,-1.110911,0.01764,-0.052735,,,,,,,,,,,,,,,,,,,
242,2.42,-1.114094,0.015184,-0.053375,,,,,,,,,,,,,,,,,,,
243,2.43,-1.11667,0.013053,-0.053296,,,,,,,,,,,,,,,,,,,
244,2.44,-1.118987,0.011605,-0.053007,,,,,,,,,,,,,,,,,,,
245,2.45,-1.120961,0.010278,-0.052541,,,,,,,,,,,,,,,,,,,
246,2.46,-1.122773,0.009093,-0.052297,,,,,,,,,,,,,,,,,,,
247,2.47,-1.124449,0.00807,-0.051956,,,,,,,,,,,,,,,,,,,
248,2.48,-1.125924,0.007092,-0.051225,,,,,,,,,,,,,,,,,,,
249,2.49,-1.127138,0.006163,-0.050353,,,,,,,,,,,,,,,,,,,
250,2.5,-1.128325,0.005217,-0.049649,,,,,,,,,,,,,,,,,,,
251,2.51,-1.129364,0.004456,-0.049272,,,,,,,,,,,,,,,,,,,
252,2.52,-1.130324,0.003877,-0.049303,,,,,,,,,,,,,,,,,,,
253,2.53,-1.1311,0.003345,-0.049337,,,,,,,,,,,,,,,,,,,
254,2.54,-1.131728,0.002818,-0.049262,,,,,,,,,,,,,,,,,,,
255,2.55,-1.13229,0.002386,-0.049236,,,,,,,,,,,,,,,,,,,
256,2.56,-1.132785,0.00201,-0.049191,,,,,,,,,,,,,,,,,,,
257,2.57,-1.133244,0.001719,-0.04906,,,,,,,,,,,,,,,,,,,
258,2.58,-1.133561,0.001428,-0.048863,,,,,,,,,,,,,,,,,,,
259,2.59,-1.133832,0.00124,-0.048769,,,,,,,,,,,,,,,,,,,
260,2.6,-1.134007,0.001133,-0.048762,,,,,,,,,,,,,,,,,,,
261,2.61,-1.134125,0.001191,-0.048899,,,,,,,,,,,,,,,,,,,
262,2.62,-1.134252,0.001284,-0.049099,,,,,,,,,,,,,,,,,,,
263,2.63,-1.134409,0.001235,-0.049306,,,,,,,,,,,,,,,,,,,
264,2.64,-1.134702,0.001133,-0.049433,,,,,,,,,,,,,,,,,,,
265,2.65,-1.134999,0.000969,-0.049579,,,,,,,,,,,,,,,,,,,
266,2.66,-1.135357,0.000852,-0.049699,,,,,,,,,,,,,,,,,,,
267,2.67,-1.135716,0.000723,-0.049761,,,,,,,,,,,,,,,,,,,
268,2.68,-1.136112,0.000689,-0.04972,,,,,,,,,,,,,,,,,,,
269,2.69,-1.136462,0.000723,-0.049751,,,,,,,,,,,,,,,,,,,
270,2.7,-1.136778,0.000721,-0.04973,,,,,,,,,,,,,,,,,,,
271,2.71,-1.13706,0.000753,-0.049765,,,,,,,,,,,,,,,,,,,
272,2.72,-1.137269,0.000743,-0.049773,,,,,,,,,,,,,,,,,,,
273,2.73,-1.137453,0.000752,-0.049791,,,,,,,,,,,,,,,,,,,
274,2.74,-1.137596,0.000698,-0.04981,,,,,,,,,,,,,,,,,,,
275,2.75,-1.137769,0.000699,-0.049878,,,,,,,,,,,,,,,,,,,
276,2.76,-1.137883,0.000627,-0.049888,,,,,,,,,,,,,,,,,,,
277,2.77,-1.138037,0.000612,-0.049978,,,,,,,,,,,,,,,,,,,
278,2.78,-1.138183,0.000596,-0.050042,,,,,,,,,,,,,,,,,,,
279,2.79,-1.137858,0.000276,-0.050606,,,,,,,,,,,,,,,,,,,
280,2.8,-1.137688,0.000106,-0.051038,,,,,,,,,,,,,,,,,,,
281,2.81,-1.137528,-8.6E-05,-0.051431,,,,,,,,,,,,,,,,,,,
282,2.82,-1.137126,-0.000539,-0.052179,,,,,,,,,,,,,,,,,,,
283,2.83,-1.136032,-0.001528,-0.054028,,,,,,,,,,,,,,,,,,,
284,2.84,-1.136045,-0.001683,-0.054375,,,,,,,,,,,,,,,,,,,
285,2.85,-1.136069,-0.00185,-0.054722,,,,,,,,,,,,,,,,,,,
286,2.86,-1.136071,-0.001899,-0.054862,,,,,,,,,,,,,,,,,,,
287,2.87,-1.136052,-0.002048,-0.055119,,,,,,,,,,,,,,,,,,,
288,2.88,-1.136078,-0.002036,-0.055321,,,,,,,,,,,,,,,,,,,
289,2.89,-1.135953,-0.002171,-0.055712,,,,,,,,,,,,,,,,,,,
290,2.9,-1.135871,-0.002311,-0.056044,,,,,,,,,,,,,,,,,,,
291,2.91,-1.135907,-0.002307,-0.056318,,,,,,,,,,,,,,,,,,,
292,2.92,-1.135918,-0.002319,-0.056647,,,,,,,,,,,,,,,,,,,
293,2.93,-1.135949,-0.00234,-0.056865,,,,,,,,,,,,,,,,,,,
294,2.94,-1.13601,-0.002304,-0.056922,,,,,,,,,,,,,,,,,,,
295,2.95,-1.136054,-0.002312,-0.057043,,,,,,,,,,,,,,,,,,,
296,2.96,-1.13611,-0.002286,-0.057078,,,,,,,,,,,,,,,,,,,
297,2.97,-1.136136,-0.002331,-0.057179,,,,,,,,,,,,,,,,,,,
298,2.98,-1.136184,-0.002342,-0.057238,,,,,,,,,,,,,,,,,,,
299,2.99,-1.136202,-0.002344,-0.057264,,,,,,,,,,,,,,,,,,,
300,3,-1.136322,-0.002303,-0.057279,,,,,,,,,,,,,,,,,,,
301,3.01,-1.136475,-0.002245,-0.057345,,,,,,,,,,,,,,,,,,,
302,3.02,-1.136644,-0.002176,-0.057418,,,,,,,,,,,,,,,,,,,
303,3.03,-1.136844,-0.002056,-0.057361,,,,,,,,,,,,,,,,,,,
304,3.04,-1.13709,-0.001898,-0.057265,,,,,,,,,,,,,,,,,,,
305,3.05,-1.137525,-0.00165,-0.057159,,,,,,,,,,,,,,,,,,,
306,3.06,-1.138122,-0.001235,-0.056847,,,,,,,,,,,,,,,,,,,
307,3.07,-1.138689,-0.000872,-0.056624,,,,,,,,,,,,,,,,,,,
308,3.08,-1.139454,-0.000454,-0.056327,,,,,,,,,,,,,,,,,,,
309,3.09,-1.14058,0.00011,-0.055858,,,,,,,,,,,,,,,,,,,
310,3.1,-1.141744,0.000685,-0.055717,,,,,,,,,,,,,,,,,,,
311,3.11,-1.142997,0.00136,-0.055519,,,,,,,,,,,,,,,,,,,
312,3.12,-1.144345,0.002177,-0.055085,,,,,,,,,,,,,,,,,,,
313,3.13,-1.14616,0.003399,-0.054431,,,,,,,,,,,,,,,,,,,
314,3.14,-1.148002,0.004573,-0.05429,,,,,,,,,,,,,,,,,,,
315,3.15,-1.150244,0.006006,-0.053776,,,,,,,,,,,,,,,,,,,
316,3.16,-1.152842,0.007399,-0.053492,,,,,,,,,,,,,,,,,,,
317,3.17,-1.155838,0.009073,-0.05284,,,,,,,,,,,,,,,,,,,
318,3.18,-1.159273,0.010731,-0.052397,,,,,,,,,,,,,,,,,,,
319,3.19,-1.163432,0.012571,-0.05165,,,,,,,,,,,,,,,,,,,
320,3.2,-1.168087,0.014482,-0.051423,,,,,,,,,,,,,,,,,,,
321,3.21,-1.173129,0.016414,-0.051405,,,,,,,,,,,,,,,,,,,
322,3.22,-1.182783,0.021798,-0.045333,,,,,,,,,,,,,,,,,,,
323,3.23,-1.192473,0.027223,-0.040124,,,,,,,,,,,,,,,,,,,
324,3.24,-1.202436,0.032824,-0.035977,,,,,,,,,,,,,,,,,,,
325,3.25,-1.202436,0.032824,-0.035977,,,,,,,,,,,,,,,,,,,
326,3.26,-1.202436,0.032824,-0.035977,,,,,,,,,,,,,,,,,,,
327,3.27,-1.202436,0.032824,-0.035977,,,,,,,,,,,,,,,,,,,
328,3.28,-1.202436,0.032824,-0.035977,,,,,,,,,,,,,,,,,,,
329,3.29,-1.202436,0.032824,-0.035977,,,,,,,,,,,,,,,,,,,
330,3.3,-1.202436,0.032824,-0.035977,,,,,,,,,,,,,,,,,,,
331,3.31,-1.202436,0.032824,-0.035977,,,,,,,,,,,,,,,,,,,
332,3.32,-1.202436,0.032824,-0.035977,,,,,,,,,,,,,,,,,,,
333,3.33,-1.298228,0.066126,-0.046639,,,,,,,,,,,,,,,,,,,
334,3.34,-1.313545,0.07237,-0.046588,,,,,,,,,,,,,,,,,,,
335,3.35,-1.330294,0.078766,-0.047701,,,,,,,,,,,,,,,,,,,
336,3.36,-1.348328,0.08428,-0.049789,,,,,,,,,,,,,,,,,,,
337,3.37,-1.367241,0.088669,-0.051675,,,,,,,,,,,,,,,,,,,
338,3.38,-1.386742,0.091772,-0.053896,,,,,,,,,,,,,,,,,,,
339,3.39,-1.406766,0.094167,-0.05562,,,,,,,,,,,,,,,,,,,
340,3.4,-1.427349,0.095537,-0.057676,,,,,,,,,,,,,,,,,,,
341,3.41,-1.448471,0.095948,-0.059656,,,,,,,,,,,,,,,,,,,
342,3.42,-1.469822,0.095754,-0.061323,,,,,,,,,,,,,,,,,,,
343,3.43,-1.491679,0.094904,-0.062845,,,,,,,,,,,,,,,,,,,
344,3.44,-1.513883,0.093315,-0.064251,,,,,,,,,,,,,,,,,,,
345,3.45,-1.536649,0.091272,-0.065913,,,,,,,,,,,,,,,,,,,
346,3.46,-1.559882,0.088455,-0.067408,,,,,,,,,,,,,,,,,,,
347,3.47,-1.583352,0.085045,-0.068972,,,,,,,,,,,,,,,,,,,
348,3.48,-1.60724,0.081095,-0.070267,,,,,,,,,,,,,,,,,,,
349,3.49,-1.631607,0.076537,-0.071406,,,,,,,,,,,,,,,,,,,
350,3.5,-1.656303,0.071649,-0.072568,,,,,,,,,,,,,,,,,,,
351,3.51,-1.681307,0.066522,-0.073514,,,,,,,,,,,,,,,,,,,
352,3.52,-1.70659,0.06131,-0.074314,,,,,,,,,,,,,,,,,,,
353,3.53,-1.732251,0.056152,-0.075311,,,,,,,,,,,,,,,,,,,
354,3.54,-1.758152,0.050985,-0.076283,,,,,,,,,,,,,,,,,,,
355,3.55,-1.784275,0.045927,-0.077364,,,,,,,,,,,,,,,,,,,
356,3.56,-1.81053,0.041055,-0.078509,,,,,,,,,,,,,,,,,,,
357,3.57,-1.836782,0.036457,-0.079741,,,,,,,,,,,,,,,,,,,
358,3.58,-1.862962,0.032204,-0.081178,,,,,,,,,,,,,,,,,,,
359,3.59,-1.888887,0.028481,-0.082415,,,,,,,,,,,,,,,,,,,
360,3.6,-1.914478,0.025567,-0.083845,,,,,,,,,,,,,,,,,,,
361,3.61,-1.939702,0.023435,-0.085389,,,,,,,,,,,,,,,,,,,
362,3.62,-1.964198,0.021835,-0.087758,,,,,,,,,,,,,,,,,,,
363,3.63,-1.987996,0.020768,-0.090409,,,,,,,,,,,,,,,,,,,
364,3.64,-2.010822,0.020809,-0.092509,,,,,,,,,,,,,,,,,,,
365,3.65,-2.033014,0.021385,-0.094991,,,,,,,,,,,,,,,,,,,
366,3.66,-2.053994,0.022533,-0.097249,,,,,,,,,,,,,,,,,,,
367,3.67,-2.074076,0.024001,-0.09916,,,,,,,,,,,,,,,,,,,
368,3.68,-2.092838,0.025855,-0.100873,,,,,,,,,,,,,,,,,,,
369,3.69,-2.110316,0.027798,-0.102609,,,,,,,,,,,,,,,,,,,
370,3.7,-2.126504,0.03003,-0.104003,,,,,,,,,,,,,,,,,,,
371,3.71,-2.141391,0.031825,-0.105521,,,,,,,,,,,,,,,,,,,
372,3.72,-2.154857,0.033276,-0.106812,,,,,,,,,,,,,,,,,,,
373,3.73,-2.166694,0.034426,-0.107789,,,,,,,,,,,,,,,,,,,
374,3.74,-2.176487,0.035179,-0.108287,,,,,,,,,,,,,,,,,,,
375,3.75,-2.184646,0.035158,-0.108938,,,,,,,,,,,,,,,,,,,
376,3.76,-2.191459,0.034565,-0.109624,,,,,,,,,,,,,,,,,,,
377,3.77,-2.197432,0.03358,-0.109281,,,,,,,,,,,,,,,,,,,
378,3.78,-2.204062,0.03372,-0.105567,,,,,,,,,,,,,,,,,,,
379,3.79,-2.206677,0.030577,-0.106947,,,,,,,,,,,,,,,,,,,
380,3.8,-2.209442,0.02643,-0.108038,,,,,,,,,,,,,,,,,,,
381,3.81,-2.2119,0.022626,-0.108944,,,,,,,,,,,,,,,,,,,
382,3.82,-2.21476,0.019551,-0.109689,,,,,,,,,,,,,,,,,,,
383,3.83,-2.21877,0.017351,-0.110637,,,,,,,,,,,,,,,,,,,
384,3.84,-2.222533,0.015638,-0.111855,,,,,,,,,,,,,,,,,,,
385,3.85,-2.225987,0.013639,-0.112951,,,,,,,,,,,,,,,,,,,
386,3.86,-2.229438,0.011478,-0.113964,,,,,,,,,,,,,,,,,,,
387,3.87,-2.232912,0.008818,-0.114536,,,,,,,,,,,,,,,,,,,
388,3.88,-2.235159,0.005773,-0.115798,,,,,,,,,,,,,,,,,,,
389,3.89,-2.236181,0.00294,-0.117776,,,,,,,,,,,,,,,,,,,
390,3.9,-2.237769,0.0008,-0.119886,,,,,,,,,,,,,,,,,,,
391,3.91,-2.238646,-0.000383,-0.120705,,,,,,,,,,,,,,,,,,,
392,3.92,-2.239318,-0.001317,-0.121248,,,,,,,,,,,,,,,,,,,
393,3.93,-2.239934,-0.002136,-0.121712,,,,,,,,,,,,,,,,,,,
394,3.94,-2.240589,-0.002911,-0.12214,,,,,,,,,,,,,,,,,,,
395,3.95,-2.240895,-0.003431,-0.122528,,,,,,,,,,,,,,,,,,,
396,3.96,-2.24106,-0.003671,-0.122735,,,,,,,,,,,,,,,,,,,
397,3.97,-2.241159,-0.003834,-0.122898,,,,,,,,,,,,,,,,,,,
398,3.98,-2.241269,-0.003922,-0.12298,,,,,,,,,,,,,,,,,,,
399,3.99,-2.241319,-0.004041,-0.123136,,,,,,,,,,,,,,,,,,,
400,4,-2.241434,-0.004076,-0.123074,,,,,,,,,,,,,,,,,,,
401,4.01,-2.241544,-0.004045,-0.122858,,,,,,,,,,,,,,,,,,,
402,4.02,-2.241856,-0.003845,-0.122227,,,,,,,,,,,,,,,,,,,
403,4.03,-2.242184,-0.00359,-0.121609,,,,,,,,,,,,,,,,,,,
404,4.04,-2.242492,-0.003545,-0.120959,,,,,,,,,,,,,,,,,,,
405,4.05,-2.242916,-0.003426,-0.12005,,,,,,,,,,,,,,,,,,,
406,4.06,-2.244632,-0.001278,-0.116799,,,,,,,,,,,,,,,,,,,
407,4.07,-2.244657,-0.001298,-0.116865,,,,,,,,,,,,,,,,,,,
408,4.08,-2.244711,-0.001353,-0.117036,,,,,,,,,,,,,,,,,,,
409,4.09,-2.244787,-0.001406,-0.117228,,,,,,,,,,,,,,,,,,,
410,4.1,-2.244788,-0.001465,-0.117392,,,,,,,,,,,,,,,,,,,
411,4.11,-2.24478,-0.001493,-0.11752,,,,,,,,,,,,,,,,,,,
412,4.12,-2.244736,-0.001545,-0.117618,,,,,,,,,,,,,,,,,,,
413,4.13,-2.244788,-0.001571,-0.1177,,,,,,,,,,,,,,,,,,,
414,4.14,-2.244808,-0.001617,-0.11775,,,,,,,,,,,,,,,,,,,
415,4.15,-2.244801,-0.001615,-0.117782,,,,,,,,,,,,,,,,,,,
416,4.16,-2.244752,-0.001636,-0.117811,,,,,,,,,,,,,,,,,,,
417,4.17,-2.244729,-0.001656,-0.117843,,,,,,,,,,,,,,,,,,,
418,4.18,-2.244776,-0.001699,-0.117848,,,,,,,,,,,,,,,,,,,
419,4.19,-2.244259,-0.00185,-0.118424,,,,,,,,,,,,,,,,,,,
420,4.2,-2.244019,-0.00223,-0.118939,,,,,,,,,,,,,,,,,,,
421,4.21,-2.243784,-0.002534,-0.119459,,,,,,,,,,,,,,,,,,,
422,4.22,-2.243784,-0.002534,-0.119459,,,,,,,,,,,,,,,,,,,
423,4.23,-2.243784,-0.002534,-0.119459,,,,,,,,,,,,,,,,,,,
424,4.24,-2.243784,-0.002534,-0.119459,,,,,,,,,,,,,,,,,,,
425,4.25,-2.243784,-0.002534,-0.119459,,,,,,,,,,,,,,,,,,,
426,4.26,-2.243784,-0.002534,-0.119459,,,,,,,,,,,,,,,,,,,
427,4.27,-2.243784,-0.002534,-0.119459,,,,,,,,,,,,,,,,,,,
428,4.28,-2.243784,-0.002534,-0.119459,,,,,,,,,,,,,,,,,,,
429,4.29,-2.243784,-0.002534,-0.119459,,,,,,,,,,,,,,,,,,,
430,4.3,-2.243784,-0.002534,-0.119459,,,,,,,,,,,,,,,,,,,
431,4.31,-2.243784,-0.002534,-0.119459,,,,,,,,,,,,,,,,,,,
432,4.32,-2.243784,-0.002534,-0.119459,,,,,,,,,,,,,,,,,,,
433,4.33,-2.243784,-0.002534,-0.119459,,,,,,,,,,,,,,,,,,,
434,4.34,-2.24324,-0.006398,-0.123903,,,,,,,,,,,,,,,,,,,
435,4.35,-2.243509,-0.006311,-0.123835,,,,,,,,,,,,,,,,,,,
436,4.36,-2.243807,-0.006133,-0.124017,,,,,,,,,,,,,,,,,,,
437,4.37,-2.244168,-0.0058,-0.124155,,,,,,,,,,,,,,,,,,,
438,4.38,-2.244419,-0.005519,-0.124252,,,,,,,,,,,,,,,,,,,
439,4.39,-2.244707,-0.005332,-0.124255,,,,,,,,,,,,,,,,,,,
440,4.4,-2.245067,-0.004941,-0.12405,,,,,,,,,,,,,,,,,,,
441,4.41,-2.245551,-0.004622,-0.123955,,,,,,,,,,,,,,,,,,,
442,4.42,-2.245951,-0.004204,-0.123771,,,,,,,,,,,,,,,,,,,
443,4.43,-2.246334,-0.003816,-0.123626,,,,,,,,,,,,,,,,,,,
444,4.44,-2.246867,-0.003364,-0.123348,,,,,,,,,,,,,,,,,,,
445,4.45,-2.247547,-0.002885,-0.123257,,,,,,,,,,,,,,,,,,,
446,4.46,-2.248349,-0.002487,-0.123338,,,,,,,,,,,,,,,,,,,
447,4.47,-2.249043,-0.002046,-0.123324,,,,,,,,,,,,,,,,,,,
448,4.48,-2.249808,-0.001572,-0.123158,,,,,,,,,,,,,,,,,,,
449,4.49,-2.250558,-0.001214,-0.12309,,,,,,,,,,,,,,,,,,,
450,4.5,-2.251359,-0.000817,-0.122933,,,,,,,,,,,,,,,,,,,
451,4.51,-2.252389,-0.000408,-0.122853,,,,,,,,,,,,,,,,,,,
452,4.52,-2.253435,0.00011,-0.122808,,,,,,,,,,,,,,,,,,,
453,4.53,-2.254512,0.00072,-0.122745,,,,,,,,,,,,,,,,,,,
454,4.54,-2.255901,0.001465,-0.122474,,,,,,,,,,,,,,,,,,,
455,4.55,-2.257521,0.002256,-0.122542,,,,,,,,,,,,,,,,,,,
456,4.56,-2.259147,0.003486,-0.121914,,,,,,,,,,,,,,,,,,,
457,4.57,-2.261526,0.004702,-0.121982,,,,,,,,,,,,,,,,,,,
458,4.58,-2.263773,0.006287,-0.121205,,,,,,,,,,,,,,,,,,,
459,4.59,-2.266721,0.007621,-0.120841,,,,,,,,,,,,,,,,,,,
460,4.6,-2.269992,0.009143,-0.11994,,,,,,,,,,,,,,,,,,,
461,4.61,-2.273366,0.010783,-0.118757,,,,,,,,,,,,,,,,,,,
462,4.62,-2.277207,0.012549,-0.117296,,,,,,,,,,,,,,,,,,,
463,4.63,-2.281524,0.014607,-0.115622,,,,,,,,,,,,,,,,,,,
464,4.64,-2.286309,0.017182,-0.113876,,,,,,,,,,,,,,,,,,,
465,4.65,-2.291632,0.020187,-0.112093,,,,,,,,,,,,,,,,,,,
466,4.66,-2.297621,0.02363,-0.11042,,,,,,,,,,,,,,,,,,,
467,4.67,-2.303929,0.0276,-0.108475,,,,,,,,,,,,,,,,,,,
468,4.68,-2.310818,0.032049,-0.106729,,,,,,,,,,,,,,,,,,,
469,4.69,-2.317737,0.036669,-0.104121,,,,,,,,,,,,,,,,,,,
470,4.7,-2.325281,0.041084,-0.101689,,,,,,,,,,,,,,,,,,,
471,4.71,-2.333133,0.045237,-0.09888,,,,,,,,,,,,,,,,,,,
472,4.72,-2.341705,0.049074,-0.096374,,,,,,,,,,,,,,,,,,,
473,4.73,-2.350532,0.052435,-0.093653,,,,,,,,,,,,,,,,,,,
474,4.74,-2.358881,0.056013,-0.0902,,,,,,,,,,,,,,,,,,,
475,4.75,-2.367408,0.060547,-0.08666,,,,,,,,,,,,,,,,,,,
476,4.76,-2.377001,0.06525,-0.083544,,,,,,,,,,,,,,,,,,,
477,4.77,-2.387535,0.069452,-0.080636,,,,,,,,,,,,,,,,,,,
478,4.78,-2.398293,0.07315,-0.077132,,,,,,,,,,,,,,,,,,,
479,4.79,-2.409614,0.07566,-0.073988,,,,,,,,,,,,,,,,,,,
480,4.8,-2.421217,0.077503,-0.070307,,,,,,,,,,,,,,,,,,,
481,4.81,-2.433275,0.078252,-0.066729,,,,,,,,,,,,,,,,,,,
482,4.82,-2.446013,0.07813,-0.062844,,,,,,,,,,,,,,,,,,,
483,4.83,-2.458729,0.077418,-0.058154,,,,,,,,,,,,,,,,,,,
484,4.84,-2.471334,0.075913,-0.052991,,,,,,,,,,,,,,,,,,,
485,4.85,-2.484246,0.073652,-0.047445,,,,,,,,,,,,,,,,,,,
486,4.86,-2.497051,0.070962,-0.041028,,,,,,,,,,,,,,,,,,,
487,4.87,-2.510247,0.067617,-0.034281,,,,,,,,,,,,,,,,,,,
488,4.88,-2.523317,0.064201,-0.026869,,,,,,,,,,,,,,,,,,,
489,4.89,-2.536787,0.060522,-0.018991,,,,,,,,,,,,,,,,,,,
490,4.9,-2.550184,0.056763,-0.010169,,,,,,,,,,,,,,,,,,,
491,4.91,-2.563868,0.053118,-0.000976,,,,,,,,,,,,,,,,,,,
492,4.92,-2.577325,0.049594,0.009157,,,,,,,,,,,,,,,,,,,
493,4.93,-2.590646,0.045872,0.019985,,,,,,,,,,,,,,,,,,,
494,4.94,-2.603913,0.042269,0.031334,,,,,,,,,,,,,,,,,,,
495,4.95,-2.617032,0.038743,0.043531,,,,,,,,,,,,,,,,,,,
496,4.96,-2.629501,0.035154,0.056294,,,,,,,,,,,,,,,,,,,
497,4.97,-2.641779,0.031869,0.069768,,,,,,,,,,,,,,,,,,,
498,4.98,-2.653631,0.029165,0.083897,,,,,,,,,,,,,,,,,,,
499,4.99,-2.664978,0.02673,0.097895,,,,,,,,,,,,,,,,,,,
500,5,-2.676266,0.024905,0.112171,,,,,,,,,,,,,,,,,,,
501,5.01,-2.687224,0.023531,0.126391,,,,,,,,,,,,,,,,,,,
502,5.02,-2.697772,0.022522,0.140514,,,,,,,,,,,,,,,,,,,
503,5.03,-2.708125,0.02208,0.154531,,,,,,,,,,,,,,,,,,,
504,5.04,-2.717839,0.02184,0.168212,,,,,,,,,,,,,,,,,,,
505,5.05,-2.727312,0.021881,0.181513,,,,,,,,,,,,,,,,,,,
506,5.06,-2.736188,0.02235,0.194538,,,,,,,,,,,,,,,,,,,
507,5.07,-2.744697,0.023006,0.207136,,,,,,,,,,,,,,,,,,,
508,5.08,-2.752783,0.023908,0.219472,,,,,,,,,,,,,,,,,,,
509,5.09,-2.760447,0.024967,0.231375,,,,,,,,,,,,,,,,,,,
510,5.1,-2.767532,0.026285,0.242827,,,,,,,,,,,,,,,,,,,
511,5.11,-2.774054,0.027621,0.253642,,,,,,,,,,,,,,,,,,,
512,5.12,-2.780099,0.02923,0.264068,,,,,,,,,,,,,,,,,,,
513,5.13,-2.785629,0.030678,0.27372,,,,,,,,,,,,,,,,,,,
514,5.14,-2.790845,0.032176,0.282899,,,,,,,,,,,,,,,,,,,
515,5.15,-2.795566,0.03353,0.291588,,,,,,,,,,,,,,,,,,,
516,5.16,-2.800059,0.034448,0.299456,,,,,,,,,,,,,,,,,,,
517,5.17,-2.804101,0.035065,0.306836,,,,,,,,,,,,,,,,,,,
518,5.18,-2.807762,0.035309,0.313543,,,,,,,,,,,,,,,,,,,
519,5.19,-2.811166,0.035113,0.319459,,,,,,,,,,,,,,,,,,,
520,5.2,-2.814358,0.034303,0.324472,,,,,,,,,,,,,,,,,,,
521,5.21,-2.817267,0.033239,0.329033,,,,,,,,,,,,,,,,,,,
522,5.22,-2.820524,0.031821,0.332778,,,,,,,,,,,,,,,,,,,
523,5.23,-2.823763,0.029965,0.335672,,,,,,,,,,,,,,,,,,,
524,5.24,-2.827336,0.027771,0.337789,,,,,,,,,,,,,,,,,,,
525,5.25,-2.83068,0.024948,0.339404,,,,,,,,,,,,,,,,,,,
526,5.26,-2.833773,0.021587,0.340812,,,,,,,,,,,,,,,,,,,
527,5.27,-2.836587,0.018411,0.342065,,,,,,,,,,,,,,,,,,,
528,5.28,-2.839695,0.015643,0.343595,,,,,,,,,,,,,,,,,,,
529,5.29,-2.843258,0.01343,0.345747,,,,,,,,,,,,,,,,,,,
530,5.3,-2.846951,0.011684,0.348387,,,,,,,,,,,,,,,,,,,
531,5.31,-2.850586,0.009925,0.35093,,,,,,,,,,,,,,,,,,,
532,5.32,-2.853671,0.007997,0.3534,,,,,,,,,,,,,,,,,,,
533,5.33,-2.85639,0.005905,0.356058,,,,,,,,,,,,,,,,,,,
534,5.34,-2.85833,0.003743,0.358601,,,,,,,,,,,,,,,,,,,
535,5.35,-2.859449,0.001812,0.360871,,,,,,,,,,,,,,,,,,,
536,5.36,-2.85986,4.9E-05,0.362972,,,,,,,,,,,,,,,,,,,
537,5.37,-2.859489,-0.001369,0.365196,,,,,,,,,,,,,,,,,,,
538,5.38,-2.85875,-0.003004,0.367259,,,,,,,,,,,,,,,,,,,
539,5.39,-2.857943,-0.004095,0.369395,,,,,,,,,,,,,,,,,,,
540,5.4,-2.857605,-0.004891,0.370866,,,,,,,,,,,,,,,,,,,
541,5.41,-2.857644,-0.005456,0.371573,,,,,,,,,,,,,,,,,,,
542,5.42,-2.858127,-0.005947,0.372027,,,,,,,,,,,,,,,,,,,
543,5.43,-2.85845,-0.006263,0.372461,,,,,,,,,,,,,,,,,,,
544,5.44,-2.858692,-0.006534,0.372841,,,,,,,,,,,,,,,,,,,
545,5.45,-2.858939,-0.006832,0.373095,,,,,,,,,,,,,,,,,,,
546,5.46,-2.859304,-0.007153,0.37321,,,,,,,,,,,,,,,,,,,
547,5.47,-2.859649,-0.007417,0.373344,,,,,,,,,,,,,,,,,,,
548,5.48,-2.859975,-0.007746,0.373557,,,,,,,,,,,,,,,,,,,
549,5.49,-2.860308,-0.00807,0.373754,,,,,,,,,,,,,,,,,,,
550,5.5,-2.860634,-0.008272,0.37397,,,,,,,,,,,,,,,,,,,
551,5.51,-2.860963,-0.008575,0.374168,,,,,,,,,,,,,,,,,,,
552,5.52,-2.861208,-0.008801,0.37439,,,,,,,,,,,,,,,,,,,
553,5.53,-2.861357,-0.008976,0.3746,,,,,,,,,,,,,,,,,,,
554,5.54,-2.861498,-0.009115,0.374756,,,,,,,,,,,,,,,,,,,
555,5.55,-2.861674,-0.009198,0.374942,,,,,,,,,,,,,,,,,,,
556,5.56,-2.861858,-0.009296,0.37509,,,,,,,,,,,,,,,,,,,
557,5.57,-2.861928,-0.009383,0.375232,,,,,,,,,,,,,,,,,,,
558,5.58,-2.861912,-0.00939,0.375409,,,,,,,,,,,,,,,,,,,
559,5.59,-2.861907,-0.009423,0.37559,,,,,,,,,,,,,,,,,,,
560,5.6,-2.861922,-0.009509,0.375774,,,,,,,,,,,,,,,,,,,
561,5.61,-2.861916,-0.009549,0.376008,,,,,,,,,,,,,,,,,,,
562,5.62,-2.861906,-0.009555,0.376265,,,,,,,,,,,,,,,,,,,
563,5.63,-2.861877,-0.009582,0.376468,,,,,,,,,,,,,,,,,,,
564,5.64,-2.861899,-0.009651,0.376553,,,,,,,,,,,,,,,,,,,
565,5.65,-2.861966,-0.009694,0.376711,,,,,,,,,,,,,,,,,,,
566,5.66,-2.86199,-0.009702,0.376799,,,,,,,,,,,,,,,,,,,
567,5.67,-2.861986,-0.009718,0.376889,,,,,,,,,,,,,,,,,,,
568,5.68,-2.861989,-0.009746,0.376991,,,,,,,,,,,,,,,,,,,
569,5.69,-2.862066,-0.009801,0.376953,,,,,,,,,,,,,,,,,,,
570,5.7,-2.862154,-0.009788,0.377062,,,,,,,,,,,,,,,,,,,
571,5.71,-2.862175,-0.009777,0.377109,,,,,,,,,,,,,,,,,,,
572,5.72,-2.862225,-0.00982,0.377111,,,,,,,,,,,,,,,,,,,
573,5.73,-2.862316,-0.009843,0.377154,,,,,,,,,,,,,,,,,,,
574,5.74,-2.862426,-0.009912,0.377153,,,,,,,,,,,,,,,,,,,
575,5.75,-2.862469,-0.009954,0.377163,,,,,,,,,,,,,,,,,,,
576,5.76,-2.862559,-0.009973,0.377216,,,,,,,,,,,,,,,,,,,
577,5.77,-2.862703,-0.009979,0.377263,,,,,,,,,,,,,,,,,,,
578,5.78,-2.862805,-0.01007,0.377193,,,,,,,,,,,,,,,,,,,
579,5.79,-2.862918,-0.010088,0.37717,,,,,,,,,,,,,,,,,,,
580,5.8,-2.862965,-0.010115,0.377164,,,,,,,,,,,,,,,,,,,
581,5.81,-2.86303,-0.010143,0.37718,,,,,,,,,,,,,,,,,,,
582,5.82,-2.86314,-0.010157,0.377228,,,,,,,,,,,,,,,,,,,
583,5.83,-2.863244,-0.010218,0.377202,,,,,,,,,,,,,,,,,,,
584,5.84,-2.863286,-0.010158,0.377333,,,,,,,,,,,,,,,,,,,
585,5.85,-2.863332,-0.010115,0.37746,,,,,,,,,,,,,,,,,,,
586,5.86,-2.863434,-0.010062,0.377638,,,,,,,,,,,,,,,,,,,
587,5.87,-2.863497,-0.010095,0.377712,,,,,,,,,,,,,,,,,,,
588,5.88,-2.863575,-0.0101,0.377797,,,,,,,,,,,,,,,,,,,
589,5.89,-2.863655,-0.010089,0.377904,,,,,,,,,,,,,,,,,,,
590,5.9,-2.863728,-0.010106,0.378022,,,,,,,,,,,,,,,,,,,
591,5.91,-2.863816,-0.010094,0.378118,,,,,,,,,,,,,,,,,,,
592,5.92,-2.863957,-0.010075,0.378295,,,,,,,,,,,,,,,,,,,
593,5.93,-2.86407,-0.01008,0.378521,,,,,,,,,,,,,,,,,,,
594,5.94,-2.864204,-0.010101,0.378866,,,,,,,,,,,,,,,,,,,
595,5.95,-2.864344,-0.009981,0.379379,,,,,,,,,,,,,,,,,,,
596,5.96,-2.864545,-0.009825,0.379958,,,,,,,,,,,,,,,,,,,
597,5.97,-2.864782,-0.009586,0.380683,,,,,,,,,,,,,,,,,,,
598,5.98,-2.864961,-0.009197,0.381552,,,,,,,,,,,,,,,,,,,
599,5.99,-2.865156,-0.00869,0.38253,,,,,,,,,,,,,,,,,,,
600,6,-2.865247,-0.008118,0.383609,,,,,,,,,,,,,,,,,,,
601,6.01,-2.865285,-0.00745,0.384895,,,,,,,,,,,,,,,,,,,
602,6.02,-2.865267,-0.006708,0.386388,,,,,,,,,,,,,,,,,,,
603,6.03,-2.865124,-0.00586,0.387986,,,,,,,,,,,,,,,,,,,
604,6.04,-2.864971,-0.004993,0.389654,,,,,,,,,,,,,,,,,,,
605,6.05,-2.86493,-0.003943,0.391579,,,,,,,,,,,,,,,,,,,
606,6.06,-2.864681,-0.002764,0.3937,,,,,,,,,,,,,,,,,,,
607,6.07,-2.864363,-0.001328,0.396301,,,,,,,,,,,,,,,,,,,
608,6.08,-2.864165,0.000176,0.399194,,,,,,,,,,,,,,,,,,,
609,6.09,-2.863933,0.001933,0.402653,,,,,,,,,,,,,,,,,,,
610,6.1,-2.863769,0.003946,0.406753,,,,,,,,,,,,,,,,,,,
611,6.11,-2.8637,0.006134,0.411472,,,,,,,,,,,,,,,,,,,
612,6.12,-2.863675,0.008695,0.417048,,,,,,,,,,,,,,,,,,,
613,6.13,-2.863496,0.011691,0.423329,,,,,,,,,,,,,,,,,,,
614,6.14,-2.863528,0.014907,0.430135,,,,,,,,,,,,,,,,,,,
615,6.15,-2.863382,0.01881,0.437806,,,,,,,,,,,,,,,,,,,
616,6.16,-2.863246,0.02359,0.445897,,,,,,,,,,,,,,,,,,,
617,6.17,-2.855305,0.033747,0.462824,,,,,,,,,,,,,,,,,,,
618,6.18,-2.855159,0.038775,0.472389,,,,,,,,,,,,,,,,,,,
619,6.19,-2.855017,0.04368,0.482919,,,,,,,,,,,,,,,,,,,
620,6.2,-2.855297,0.048049,0.49458,,,,,,,,,,,,,,,,,,,
621,6.21,-2.856213,0.052076,0.507245,,,,,,,,,,,,,,,,,,,
622,6.22,-2.857436,0.055752,0.520216,,,,,,,,,,,,,,,,,,,
623,6.23,-2.857983,0.059608,0.533304,,,,,,,,,,,,,,,,,,,
624,6.24,-2.858455,0.064758,0.547013,,,,,,,,,,,,,,,,,,,
625,6.25,-2.85997,0.070493,0.561838,,,,,,,,,,,,,,,,,,,
626,6.26,-2.861896,0.076141,0.57779,,,,,,,,,,,,,,,,,,,
627,6.27,-2.864354,0.080661,0.594647,,,,,,,,,,,,,,,,,,,
628,6.28,-2.867256,0.084203,0.612197,,,,,,,,,,,,,,,,,,,
629,6.29,-2.870532,0.086891,0.630539,,,,,,,,,,,,,,,,,,,
630,6.3,-2.873794,0.088754,0.649116,,,,,,,,,,,,,,,,,,,
631,6.31,-2.876868,0.089713,0.668402,,,,,,,,,,,,,,,,,,,
632,6.32,-2.879536,0.089929,0.687821,,,,,,,,,,,,,,,,,,,
633,6.33,-2.881857,0.08934,0.707462,,,,,,,,,,,,,,,,,,,
634,6.34,-2.8842,0.087976,0.727733,,,,,,,,,,,,,,,,,,,
635,6.35,-2.886356,0.086145,0.748298,,,,,,,,,,,,,,,,,,,
636,6.36,-2.888386,0.083931,0.769283,,,,,,,,,,,,,,,,,,,
637,6.37,-2.890588,0.081234,0.790501,,,,,,,,,,,,,,,,,,,
638,6.38,-2.892666,0.078065,0.812093,,,,,,,,,,,,,,,,,,,
639,6.39,-2.894633,0.074436,0.834095,,,,,,,,,,,,,,,,,,,
640,6.4,-2.896452,0.070454,0.856384,,,,,,,,,,,,,,,,,,,
641,6.41,-2.898173,0.066078,0.879029,,,,,,,,,,,,,,,,,,,
642,6.42,-2.899771,0.061507,0.901934,,,,,,,,,,,,,,,,,,,
643,6.43,-2.901091,0.056916,0.925164,,,,,,,,,,,,,,,,,,,
644,6.44,-2.902228,0.052204,0.948656,,,,,,,,,,,,,,,,,,,
645,6.45,-2.903703,0.047422,0.972541,,,,,,,,,,,,,,,,,,,
646,6.46,-2.90492,0.042801,0.996704,,,,,,,,,,,,,,,,,,,
647,6.47,-2.905927,0.03824,1.020895,,,,,,,,,,,,,,,,,,,
648,6.48,-2.907251,0.033571,1.045388,,,,,,,,,,,,,,,,,,,
649,6.49,-2.908063,0.029443,1.0697,,,,,,,,,,,,,,,,,,,
650,6.5,-2.908945,0.025635,1.094115,,,,,,,,,,,,,,,,,,,
651,6.51,-2.909831,0.022818,1.118391,,,,,,,,,,,,,,,,,,,
652,6.52,-2.911142,0.020929,1.142588,,,,,,,,,,,,,,,,,,,
653,6.53,-2.920944,0.013804,1.159093,,,,,,,,,,,,,,,,,,,
654,6.54,-2.922304,0.012946,1.182322,,,,,,,,,,,,,,,,,,,
655,6.55,-2.923863,0.012757,1.205017,,,,,,,,,,,,,,,,,,,
656,6.56,-2.92523,0.01306,1.226812,,,,,,,,,,,,,,,,,,,
657,6.57,-2.926661,0.013732,1.247866,,,,,,,,,,,,,,,,,,,
658,6.58,-2.927959,0.014786,1.268236,,,,,,,,,,,,,,,,,,,
659,6.59,-2.929268,0.016409,1.287663,,,,,,,,,,,,,,,,,,,
660,6.6,-2.930462,0.018248,1.30624,,,,,,,,,,,,,,,,,,,
661,6.61,-2.93169,0.019919,1.323198,,,,,,,,,,,,,,,,,,,
662,6.62,-2.933067,0.021936,1.339355,,,,,,,,,,,,,,,,,,,
663,6.63,-2.934393,0.023627,1.354044,,,,,,,,,,,,,,,,,,,
664,6.64,-2.93559,0.024931,1.367236,,,,,,,,,,,,,,,,,,,
665,6.65,-2.936743,0.026019,1.379144,,,,,,,,,,,,,,,,,,,
666,6.66,-2.937854,0.026248,1.389091,,,,,,,,,,,,,,,,,,,
667,6.67,-2.938953,0.025659,1.39744,,,,,,,,,,,,,,,,,,,
668,6.68,-2.940139,0.02448,1.404223,,,,,,,,,,,,,,,,,,,
669,6.69,-2.941843,0.022862,1.409505,,,,,,,,,,,,,,,,,,,
670,6.7,-2.94383,0.020282,1.413472,,,,,,,,,,,,,,,,,,,
671,6.71,-2.946474,0.016791,1.416474,,,,,,,,,,,,,,,,,,,
672,6.72,-2.948766,0.012512,1.41931,,,,,,,,,,,,,,,,,,,
673,6.73,-2.950825,0.008366,1.421855,,,,,,,,,,,,,,,,,,,
674,6.74,-2.952871,0.00476,1.425128,,,,,,,,,,,,,,,,,,,
675,6.75,-2.955426,0.001971,1.429849,,,,,,,,,,,,,,,,,,,
676,6.76,-2.958007,-0.000436,1.434189,,,,,,,,,,,,,,,,,,,
677,6.77,-2.959863,-0.002536,1.438124,,,,,,,,,,,,,,,,,,,
678,6.78,-2.961136,-0.005142,1.44185,,,,,,,,,,,,,,,,,,,
679,6.79,-2.961588,-0.007898,1.445685,,,,,,,,,,,,,,,,,,,
680,6.8,-2.961398,-0.010847,1.448734,,,,,,,,,,,,,,,,,,,
681,6.81,-2.960818,-0.012805,1.451766,,,,,,,,,,,,,,,,,,,
682,6.82,-2.960916,-0.014327,1.453543,,,,,,,,,,,,,,,,,,,
683,6.83,-2.96146,-0.015319,1.454819,,,,,,,,,,,,,,,,,,,
684,6.84,-2.962172,-0.016085,1.455931,,,,,,,,,,,,,,,,,,,
685,6.85,-2.962399,-0.016834,1.456598,,,,,,,,,,,,,,,,,,,
686,6.86,-2.962494,-0.017462,1.457118,,,,,,,,,,,,,,,,,,,
687,6.87,-2.962682,-0.017854,1.457425,,,,,,,,,,,,,,,,,,,
688,6.88,-2.962766,-0.018086,1.457608,,,,,,,,,,,,,,,,,,,
689,6.89,-2.962721,-0.018167,1.457836,,,,,,,,,,,,,,,,,,,
690,6.9,-2.962664,-0.018192,1.458022,,,,,,,,,,,,,,,,,,,
691,6.91,-2.962558,-0.018212,1.458183,,,,,,,,,,,,,,,,,,,
692,6.92,-2.962439,-0.018241,1.458293,,,,,,,,,,,,,,,,,,,
693,6.93,-2.962323,-0.018272,1.45839,,,,,,,,,,,,,,,,,,,
694,6.94,-2.962248,-0.018286,1.458472,,,,,,,,,,,,,,,,,,,
695,6.95,-2.962192,-0.018326,1.458534,,,,,,,,,,,,,,,,,,,
696,6.96,-2.962208,-0.018371,1.458584,,,,,,,,,,,,,,,,,,,
697,6.97,-2.962234,-0.018442,1.45858,,,,,,,,,,,,,,,,,,,
698,6.98,-2.962328,-0.018475,1.458626,,,,,,,,,,,,,,,,,,,
699,6.99,-2.962462,-0.018499,1.458642,,,,,,,,,,,,,,,,,,,
700,7,-2.962608,-0.01858,1.458586,,,,,,,,,,,,,,,,,,,
701,7.01,-2.962727,-0.018629,1.458551,,,,,,,,,,,,,,,,,,,
702,7.02,-2.962775,-0.01866,1.458558,,,,,,,,,,,,,,,,,,,
703,7.03,-2.962785,-0.018691,1.458574,,,,,,,,,,,,,,,,,,,
704,7.04,-2.962832,-0.018681,1.458584,,,,,,,,,,,,,,,,,,,
705,7.05,-2.9628,-0.018718,1.458597,,,,,,,,,,,,,,,,,,,
706,7.06,-2.962813,-0.018712,1.458683,,,,,,,,,,,,,,,,,,,
707,7.07,-2.962805,-0.018707,1.458753,,,,,,,,,,,,,,,,,,,
708,7.08,-2.962768,-0.01865,1.458838,,,,,,,,,,,,,,,,,,,
709,7.09,-2.962681,-0.018643,1.458906,,,,,,,,,,,,,,,,,,,
710,7.1,-2.962612,-0.018636,1.45899,,,,,,,,,,,,,,,,,,,
711,7.11,-2.962553,-0.01858,1.459135,,,,,,,,,,,,,,,,,,,
712,7.12,-2.962492,-0.018479,1.459317,,,,,,,,,,,,,,,,,,,
713,7.13,-2.962405,-0.018488,1.459402,,,,,,,,,,,,,,,,,,,
714,7.14,-2.962375,-0.018458,1.459492,,,,,,,,,,,,,,,,,,,
715,7.15,-2.962375,-0.018465,1.45956,,,,,,,,,,,,,,,,,,,
716,7.16,-2.962387,-0.018451,1.45963,,,,,,,,,,,,,,,,,,,
717,7.17,-2.962394,-0.018473,1.459638,,,,,,,,,,,,,,,,,,,
718,7.18,-2.962432,-0.018455,1.459679,,,,,,,,,,,,,,,,,,,
719,7.19,-2.962433,-0.018526,1.459615,,,,,,,,,,,,,,,,,,,
720,7.2,-2.962462,-0.018523,1.459623,,,,,,,,,,,,,,,,,,,
721,7.21,-2.962536,-0.018524,1.459642,,,,,,,,,,,,,,,,,,,
722,7.22,-2.962586,-0.018556,1.459627,,,,,,,,,,,,,,,,,,,
723,7.23,-2.962682,-0.018599,1.459594,,,,,,,,,,,,,,,,,,,
724,7.24,-2.962843,-0.018611,1.459595,,,,,,,,,,,,,,,,,,,
725,7.25,-2.962972,-0.018608,1.459613,,,,,,,,,,,,,,,,,,,
726,7.26,-2.963136,-0.018634,1.4596,,,,,,,,,,,,,,,,,,,
727,7.27,-2.963302,-0.018667,1.459568,,,,,,,,,,,,,,,,,,,
728,7.28,-2.963507,-0.018706,1.459571,,,,,,,,,,,,,,,,,,,
729,7.29,-2.963746,-0.018747,1.459587,,,,,,,,,,,,,,,,,,,
730,7.3,-2.962895,-0.018036,1.460399,,,,,,,,,,,,,,,,,,,
731,7.31,-2.960851,-0.016549,1.462151,,,,,,,,,,,,,,,,,,,
732,7.32,-2.955407,-0.012861,1.466043,,,,,,,,,,,,,,,,,,,
733,7.33,-2.95567,-0.012852,1.466153,,,,,,,,,,,,,,,,,,,
734,7.34,-2.955866,-0.012997,1.466265,,,,,,,,,,,,,,,,,,,
735,7.35,-2.95606,-0.013121,1.466483,,,,,,,,,,,,,,,,,,,
736,7.36,-2.956355,-0.013182,1.466702,,,,,,,,,,,,,,,,,,,
737,7.37,-2.956652,-0.013019,1.467017,,,,,,,,,,,,,,,,,,,
738,7.38,-2.956976,-0.01275,1.467431,,,,,,,,,,,,,,,,,,,
739,7.39,-2.957293,-0.012428,1.468005,,,,,,,,,,,,,,,,,,,
740,7.4,-2.957685,-0.012051,1.468861,,,,,,,,,,,,,,,,,,,
741,7.41,-2.957833,-0.011552,1.469672,,,,,,,,,,,,,,,,,,,
742,7.42,-2.957826,-0.010972,1.47056,,,,,,,,,,,,,,,,,,,
743,7.43,-2.957808,-0.010388,1.471589,,,,,,,,,,,,,,,,,,,
744,7.44,-2.95789,-0.009722,1.472805,,,,,,,,,,,,,,,,,,,
745,7.45,-2.957951,-0.00898,1.474117,,,,,,,,,,,,,,,,,,,
746,7.46,-2.957672,-0.008072,1.475423,,,,,,,,,,,,,,,,,,,
747,7.47,-2.957352,-0.007167,1.476826,,,,,,,,,,,,,,,,,,,
748,7.48,-2.9572,-0.006248,1.478578,,,,,,,,,,,,,,,,,,,
749,7.49,-2.956949,-0.005231,1.480421,,,,,,,,,,,,,,,,,,,
750,7.5,-2.956551,-0.003963,1.482265,,,,,,,,,,,,,,,,,,,
751,7.51,-2.956421,-0.002812,1.484605,,,,,,,,,,,,,,,,,,,
752,7.52,-2.95609,-0.001409,1.487128,,,,,,,,,,,,,,,,,,,
753,7.53,-2.955723,0.000168,1.489986,,,,,,,,,,,,,,,,,,,
754,7.54,-2.955253,0.00183,1.493273,,,,,,,,,,,,,,,,,,,
755,7.55,-2.954745,0.003686,1.497143,,,,,,,,,,,,,,,,,,,
756,7.56,-2.954119,0.005726,1.50155,,,,,,,,,,,,,,,,,,,
757,7.57,-2.953342,0.007914,1.506637,,,,,,,,,,,,,,,,,,,
758,7.58,-2.952404,0.010442,1.512248,,,,,,,,,,,,,,,,,,,
759,7.59,-2.9512,0.01345,1.518447,,,,,,,,,,,,,,,,,,,
760,7.6,-2.950099,0.016698,1.52519,,,,,,,,,,,,,,,,,,,
761,7.61,-2.949158,0.020584,1.532731,,,,,,,,,,,,,,,,,,,
762,7.62,-2.948129,0.025021,1.540791,,,,,,,,,,,,,,,,,,,
763,7.63,-2.947131,0.029811,1.549852,,,,,,,,,,,,,,,,,,,
764,7.64,-2.946103,0.034849,1.559674,,,,,,,,,,,,,,,,,,,
765,7.65,-2.945083,0.039674,1.57065,,,,,,,,,,,,,,,,,,,
766,7.66,-2.944361,0.043974,1.582664,,,,,,,,,,,,,,,,,,,
767,7.67,-2.944088,0.047577,1.595861,,,,,,,,,,,,,,,,,,,
768,7.68,-2.943852,0.050971,1.609461,,,,,,,,,,,,,,,,,,,
769,7.69,-2.943269,0.055652,1.622723,,,,,,,,,,,,,,,,,,,
770,7.7,-2.942542,0.061495,1.636501,,,,,,,,,,,,,,,,,,,
771,7.71,-2.94238,0.067538,1.651454,,,,,,,,,,,,,,,,,,,
772,7.72,-2.942558,0.073452,1.667475,,,,,,,,,,,,,,,,,,,
773,7.73,-2.9433,0.078561,1.684216,,,,,,,,,,,,,,,,,,,
774,7.74,-2.94434,0.082821,1.701826,,,,,,,,,,,,,,,,,,,
775,7.75,-2.94549,0.086236,1.719654,,,,,,,,,,,,,,,,,,,
776,7.76,-2.946426,0.088775,1.737868,,,,,,,,,,,,,,,,,,,
777,7.77,-2.947499,0.090209,1.75639,,,,,,,,,,,,,,,,,,,
778,7.78,-2.948116,0.091181,1.775134,,,,,,,,,,,,,,,,,,,
779,7.79,-2.948465,0.091341,1.794051,,,,,,,,,,,,,,,,,,,
780,7.8,-2.948805,0.090796,1.813187,,,,,,,,,,,,,,,,,,,
781,7.81,-2.948925,0.089825,1.832556,,,,,,,,,,,,,,,,,,,
782,7.82,-2.949193,0.088085,1.852068,,,,,,,,,,,,,,,,,,,
783,7.83,-2.949466,0.085943,1.872025,,,,,,,,,,,,,,,,,,,
784,7.84,-2.94976,0.083349,1.891915,,,,,,,,,,,,,,,,,,,
785,7.85,-2.949842,0.08036,1.912109,,,,,,,,,,,,,,,,,,,
786,7.86,-2.950116,0.076886,1.932401,,,,,,,,,,,,,,,,,,,
787,7.87,-2.950094,0.073031,1.952797,,,,,,,,,,,,,,,,,,,
788,7.88,-2.949821,0.069112,1.973337,,,,,,,,,,,,,,,,,,,
789,7.89,-2.950101,0.064777,1.994056,,,,,,,,,,,,,,,,,,,
790,7.9,-2.950189,0.060383,2.014746,,,,,,,,,,,,,,,,,,,
791,7.91,-2.950652,0.055843,2.035957,,,,,,,,,,,,,,,,,,,
792,7.92,-2.950945,0.051391,2.056872,,,,,,,,,,,,,,,,,,,
793,7.93,-2.951414,0.046882,2.077733,,,,,,,,,,,,,,,,,,,
794,7.94,-2.951537,0.042746,2.098465,,,,,,,,,,,,,,,,,,,
795,7.95,-2.95172,0.038295,2.118742,,,,,,,,,,,,,,,,,,,
796,7.96,-2.951697,0.034159,2.138637,,,,,,,,,,,,,,,,,,,
797,7.97,-2.951866,0.03011,2.157863,,,,,,,,,,,,,,,,,,,
798,7.98,-2.951968,0.026479,2.176526,,,,,,,,,,,,,,,,,,,
799,7.99,-2.952096,0.022996,2.194302,,,,,,,,,,,,,,,,,,,
800,8,-2.952088,0.019432,2.211329,,,,,,,,,,,,,,,,,,,
801,8.01,-2.951303,0.01543,2.227534,,,,,,,,,,,,,,,,,,,
802,8.02,-2.962691,0.012027,2.237991,,,,,,,,,,,,,,,,,,,
803,8.03,-2.963443,0.010939,2.251866,,,,,,,,,,,,,,,,,,,
804,8.04,-2.96417,0.009781,2.265073,,,,,,,,,,,,,,,,,,,
805,8.05,-2.965131,0.008779,2.277231,,,,,,,,,,,,,,,,,,,
806,8.06,-2.965892,0.008029,2.287807,,,,,,,,,,,,,,,,,,,
807,8.07,-2.966557,0.007329,2.297086,,,,,,,,,,,,,,,,,,,
808,8.08,-2.967314,0.006463,2.304763,,,,,,,,,,,,,,,,,,,
809,8.09,-2.968006,0.005481,2.311292,,,,,,,,,,,,,,,,,,,
810,8.1,-2.969237,0.004606,2.316749,,,,,,,,,,,,,,,,,,,
811,8.11,-2.970137,0.003011,2.320861,,,,,,,,,,,,,,,,,,,
812,8.12,-2.971642,0.001335,2.323521,,,,,,,,,,,,,,,,,,,
813,8.13,-2.973221,-0.000889,2.325101,,,,,,,,,,,,,,,,,,,
814,8.14,-2.974804,-0.003561,2.325416,,,,,,,,,,,,,,,,,,,
815,8.15,-2.975836,-0.005947,2.325009,,,,,,,,,,,,,,,,,,,
816,8.16,-2.976813,-0.008013,2.323401,,,,,,,,,,,,,,,,,,,
817,8.17,-2.977038,-0.009211,2.322159,,,,,,,,,,,,,,,,,,,
818,8.18,-2.977867,-0.010396,2.323616,,,,,,,,,,,,,,,,,,,
819,8.19,-2.978853,-0.011538,2.326208,,,,,,,,,,,,,,,,,,,
820,8.2,-2.979217,-0.012717,2.328753,,,,,,,,,,,,,,,,,,,
821,8.21,-2.979467,-0.014232,2.331011,,,,,,,,,,,,,,,,,,,
822,8.22,-2.979771,-0.015892,2.333028,,,,,,,,,,,,,,,,,,,
823,8.23,-2.980103,-0.017603,2.334934,,,,,,,,,,,,,,,,,,,
824,8.24,-2.980455,-0.019187,2.336756,,,,,,,,,,,,,,,,,,,
825,8.25,-2.980482,-0.019803,2.337654,,,,,,,,,,,,,,,,,,,
826,8.26,-2.980335,-0.020383,2.338313,,,,,,,,,,,,,,,,,,,
827,8.27,-2.980156,-0.021022,2.338802,,,,,,,,,,,,,,,,,,,
828,8.28,-2.980293,-0.021335,2.339237,,,,,,,,,,,,,,,,,,,
829,8.29,-2.980474,-0.02155,2.339585,,,,,,,,,,,,,,,,,,,
830,8.3,-2.98067,-0.021769,2.339926,,,,,,,,,,,,,,,,,,,
831,8.31,-2.98101,-0.02202,2.340256,,,,,,,,,,,,,,,,,,,
832,8.32,-2.981355,-0.022285,2.340598,,,,,,,,,,,,,,,,,,,
833,8.33,-2.981588,-0.022515,2.340883,,,,,,,,,,,,,,,,,,,
834,8.34,-2.98168,-0.022638,2.341003,,,,,,,,,,,,,,,,,,,
835,8.35,-2.981673,-0.022698,2.341039,,,,,,,,,,,,,,,,,,,
836,8.36,-2.981622,-0.022743,2.341043,,,,,,,,,,,,,,,,,,,
837,8.37,-2.981576,-0.022734,2.34107,,,,,,,,,,,,,,,,,,,
838,8.38,-2.981509,-0.022784,2.341068,,,,,,,,,,,,,,,,,,,
839,8.39,-2.981464,-0.022841,2.341067,,,,,,,,,,,,,,,,,,,
840,8.4,-2.981394,-0.022878,2.341097,,,,,,,,,,,,,,,,,,,
841,8.41,-2.981346,-0.022892,2.341152,,,,,,,,,,,,,,,,,,,
842,8.42,-2.981229,-0.022976,2.341171,,,,,,,,,,,,,,,,,,,
843,8.43,-2.981168,-0.02295,2.341253,,,,,,,,,,,,,,,,,,,
844,8.44,-2.981082,-0.023006,2.341264,,,,,,,,,,,,,,,,,,,
845,8.45,-2.98103,-0.023062,2.34125,,,,,,,,,,,,,,,,,,,
846,8.46,-2.980991,-0.023099,2.341242,,,,,,,,,,,,,,,,,,,
847,8.47,-2.980944,-0.023093,2.341217,,,,,,,,,,,,,,,,,,,
848,8.48,-2.980909,-0.023071,2.341188,,,,,,,,,,,,,,,,,,,
849,8.49,-2.980874,-0.023044,2.341165,,,,,,,,,,,,,,,,,,,
850,8.5,-2.980871,-0.023,2.341156,,,,,,,,,,,,,,,,,,,
851,8.51,-2.98088,-0.022987,2.341129,,,,,,,,,,,,,,,,,,,
852,8.52,-2.980894,-0.022964,2.34111,,,,,,,,,,,,,,,,,,,
853,8.53,-2.980921,-0.022911,2.341105,,,,,,,,,,,,,,,,,,,
854,8.54,-2.980949,-0.022885,2.341093,,,,,,,,,,,,,,,,,,,
855,8.55,-2.980989,-0.022862,2.341095,,,,,,,,,,,,,,,,,,,
856,8.56,-2.98101,-0.022895,2.341093,,,,,,,,,,,,,,,,,,,
857,8.57,-2.981015,-0.022854,2.34116,,,,,,,,,,,,,,,,,,,
858,8.58,-2.981025,-0.022876,2.341208,,,,,,,,,,,,,,,,,,,
859,8.59,-2.981038,-0.022896,2.341294,,,,,,,,,,,,,,,,,,,
860,8.6,-2.981069,-0.022932,2.34137,,,,,,,,,,,,,,,,,,,
861,8.61,-2.981077,-0.02303,2.341416,,,,,,,,,,,,,,,,,,,
862,8.62,-2.981137,-0.02308,2.34149,,,,,,,,,,,,,,,,,,,
863,8.63,-2.981181,-0.023146,2.341546,,,,,,,,,,,,,,,,,,,
864,8.64,-2.98125,-0.023201,2.341599,,,,,,,,,,,,,,,,,,,
865,8.65,-2.98134,-0.023271,2.341636,,,,,,,,,,,,,,,,,,,
866,8.66,-2.981426,-0.023333,2.341673,,,,,,,,,,,,,,,,,,,
867,8.67,-2.981476,-0.023404,2.341703,,,,,,,,,,,,,,,,,,,
868,8.68,-2.98156,-0.023496,2.3417,,,,,,,,,,,,,,,,,,,
869,8.69,-2.981676,-0.023552,2.341701,,,,,,,,,,,,,,,,,,,
870,8.7,-2.981745,-0.023639,2.341671,,,,,,,,,,,,,,,,,,,
871,8.71,-2.981814,-0.023659,2.341671,,,,,,,,,,,,,,,,,,,
872,8.72,-2.981889,-0.023714,2.341635,,,,,,,,,,,,,,,,,,,
873,8.73,-2.98193,-0.023719,2.341619,,,,,,,,,,,,,,,,,,,
874,8.74,-2.981961,-0.023718,2.341603,,,,,,,,,,,,,,,,,,,
875,8.75,-2.981955,-0.023712,2.341593,,,,,,,,,,,,,,,,,,,
876,8.76,-2.981976,-0.023721,2.341577,,,,,,,,,,,,,,,,,,,
877,8.77,-2.982033,-0.02371,2.341574,,,,,,,,,,,,,,,,,,,
878,8.78,-2.982069,-0.023734,2.341551,,,,,,,,,,,,,,,,,,,
879,8.79,-2.982084,-0.023727,2.34155,,,,,,,,,,,,,,,,,,,
880,8.8,-2.982074,-0.023733,2.341541,,,,,,,,,,,,,,,,,,,
881,8.81,-2.982077,-0.023737,2.341533,,,,,,,,,,,,,,,,,,,
882,8.82,-2.982071,-0.02372,2.341538,,,,,,,,,,,,,,,,,,,
883,8.83,-2.982073,-0.023708,2.34154,,,,,,,,,,,,,,,,,,,
884,8.84,-2.982031,-0.023678,2.341556,,,,,,,,,,,,,,,,,,,
885,8.85,-2.982017,-0.023673,2.341558,,,,,,,,,,,,,,,,,,,
886,8.86,-2.982023,-0.023684,2.341548,,,,,,,,,,,,,,,,,,,
887,8.87,-2.982006,-0.023688,2.341595,,,,,,,,,,,,,,,,,,,
888,8.88,-2.981976,-0.023763,2.341645,,,,,,,,,,,,,,,,,,,
889,8.89,-2.981967,-0.023791,2.341771,,,,,,,,,,,,,,,,,,,
890,8.9,-2.981955,-0.023902,2.341872,,,,,,,,,,,,,,,,,,,
891,8.91,-2.981975,-0.023969,2.341983,,,,,,,,,,,,,,,,,,,
892,8.92,-2.981963,-0.023998,2.34204,,,,,,,,,,,,,,,,,,,
893,8.93,-2.981953,-0.023983,2.342046,,,,,,,,,,,,,,,,,,,
894,8.94,-2.981947,-0.023942,2.342038,,,,,,,,,,,,,,,,,,,
895,8.95,-2.981946,-0.02397,2.341979,,,,,,,,,,,,,,,,,,,
896,8.96,-2.981926,-0.023978,2.341952,,,,,,,,,,,,,,,,,,,
897,8.97,-2.981914,-0.023956,2.341969,,,,,,,,,,,,,,,,,,,
898,8.98,-2.981876,-0.023954,2.341983,,,,,,,,,,,,,,,,,,,
899,8.99,-2.98188,-0.023939,2.342007,,,,,,,,,,,,,,,,,,,
900,9,-2.981886,-0.023945,2.34201,,,,,,,,,,,,,,,,,,,
901,9.01,-2.981885,-0.023944,2.342017,,,,,,,,,,,,,,,,,,,
902,9.02,-2.981863,-0.023947,2.342024,,,,,,,,,,,,,,,,,,,
903,9.03,-2.98187,-0.023952,2.342025,,,,,,,,,,,,,,,,,,,
904,9.04,-2.981909,-0.023955,2.342014,,,,,,,,,,,,,,,,,,,
905,9.05,-2.981923,-0.023967,2.341995,,,,,,,,,,,,,,,,,,,
906,9.06,-2.981877,-0.023971,2.341969,,,,,,,,,,,,,,,,,,,
907,9.07,-2.981864,-0.023935,2.341982,,,,,,,,,,,,,,,,,,,
908,9.08,-2.981841,-0.023932,2.341975,,,,,,,,,,,,,,,,,,,
909,9.09,-2.98182,-0.023942,2.341943,,,,,,,,,,,,,,,,,,,
910,9.1,-2.981857,-0.023932,2.341911,,,,,,,,,,,,,,,,,,,
911,9.11,-2.981825,-0.023913,2.341897,,,,,,,,,,,,,,,,,,,
912,9.12,-2.98181,-0.023874,2.341893,,,,,,,,,,,,,,,,,,,
913,9.13,-2.981826,-0.023904,2.341821,,,,,,,,,,,,,,,,,,,
914,9.14,-2.981826,-0.02389,2.341742,,,,,,,,,,,,,,,,,,,
915,9.15,-2.981805,-0.023885,2.341635,,,,,,,,,,,,,,,,,,,
916,9.16,-2.981795,-0.023834,2.341543,,,,,,,,,,,,,,,,,,,
917,9.17,-2.981786,-0.023787,2.341439,,,,,,,,,,,,,,,,,,,
918,9.18,-2.981805,-0.023744,2.341341,,,,,,,,,,,,,,,,,,,
919,9.19,-2.981769,-0.023712,2.341261,,,,,,,,,,,,,,,,,,,
920,9.2,-2.981705,-0.02365,2.341214,,,,,,,,,,,,,,,,,,,
921,9.21,-2.981611,-0.023594,2.341155,,,,,,,,,,,,,,,,,,,
922,9.22,-2.981558,-0.023548,2.341081,,,,,,,,,,,,,,,,,,,
923,9.23,-2.981431,-0.023524,2.340987,,,,,,,,,,,,,,,,,,,
924,9.24,-2.981307,-0.023459,2.340924,,,,,,,,,,,,,,,,,,,
925,9.25,-2.981193,-0.023418,2.340847,,,,,,,,,,,,,,,,,,,
926,9.26,-2.981098,-0.02344,2.340718,,,,,,,,,,,,,,,,,,,
927,9.27,-2.981008,-0.023411,2.340642,,,,,,,,,,,,,,,,,,,
928,9.28,-2.980907,-0.023413,2.34056,,,,,,,,,,,,,,,,,,,
929,9.29,-2.980837,-0.023397,2.340512,,,,,,,,,,,,,,,,,,,
930,9.3,-2.980846,-0.023387,2.340471,,,,,,,,,,,,,,,,,,,
931,9.31,-2.980842,-0.023396,2.340429,,,,,,,,,,,,,,,,,,,
932,9.32,-2.980819,-0.023414,2.34039,,,,,,,,,,,,,,,,,,,
933,9.33,-2.980822,-0.023408,2.340366,,,,,,,,,,,,,,,,,,,
934,9.34,-2.980838,-0.023423,2.340318,,,,,,,,,,,,,,,,,,,
935,9.35,-2.980863,-0.02342,2.340275,,,,,,,,,,,,,,,,,,,
936,9.36,-2.980895,-0.023401,2.340218,,,,,,,,,,,,,,,,,,,
937,9.37,-2.980891,-0.023351,2.34019,,,,,,,,,,,,,,,,,,,
938,9.38,-2.980865,-0.02332,2.340186,,,,,,,,,,,,,,,,,,,
939,9.39,-2.980862,-0.023311,2.340193,,,,,,,,,,,,,,,,,,,
940,9.4,-2.980886,-0.023296,2.340209,,,,,,,,,,,,,,,,,,,
941,9.41,-2.980868,-0.023296,2.340218,,,,,,,,,,,,,,,,,,,
942,9.42,-2.980858,-0.023291,2.340219,,,,,,,,,,,,,,,,,,,
943,9.43,-2.98086,-0.023274,2.340226,,,,,,,,,,,,,,,,,,,
944,9.44,-2.980897,-0.023259,2.340223,,,,,,,,,,,,,,,,,,,
945,9.45,-2.980918,-0.02324,2.340206,,,,,,,,,,,,,,,,,,,
946,9.46,-2.980965,-0.023234,2.340155,,,,,,,,,,,,,,,,,,,
947,9.47,-2.980985,-0.023203,2.340126,,,,,,,,,,,,,,,,,,,
948,9.48,-2.98105,-0.023153,2.340123,,,,,,,,,,,,,,,,,,,
949,9.49,-2.981113,-0.023135,2.340105,,,,,,,,,,,,,,,,,,,
950,9.5,-2.981169,-0.023089,2.340093,,,,,,,,,,,,,,,,,,,
951,9.51,-2.981207,-0.02306,2.340063,,,,,,,,,,,,,,,,,,,
952,9.52,-2.981245,-0.023005,2.34006,,,,,,,,,,,,,,,,,,,
953,9.53,-2.981275,-0.023,2.340004,,,,,,,,,,,,,,,,,,,
954,9.54,-2.981304,-0.022961,2.339971,,,,,,,,,,,,,,,,,,,
955,9.55,-2.981318,-0.022926,2.339943,,,,,,,,,,,,,,,,,,,
956,9.56,-2.981302,-0.022884,2.339934,,,,,,,,,,,,,,,,,,,
957,9.57,-2.981291,-0.022865,2.339919,,,,,,,,,,,,,,,,,,,
958,9.58,-2.981287,-0.022878,2.339904,,,,,,,,,,,,,,,,,,,
959,9.59,-2.981297,-0.022876,2.339895,,,,,,,,,,,,,,,,,,,
960,9.6,-2.98133,-0.022838,2.339932,,,,,,,,,,,,,,,,,,,
961,9.61,-2.981378,-0.022854,2.339945,,,,,,,,,,,,,,,,,,,
962,9.62,-2.981448,-0.0228,2.340023,,,,,,,,,,,,,,,,,,,
963,9.63,-2.981514,-0.022806,2.340048,,,,,,,,,,,,,,,,,,,
964,9.64,-2.981561,-0.022797,2.340084,,,,,,,,,,,,,,,,,,,
965,9.65,-2.9816,-0.02276,2.34012,,,,,,,,,,,,,,,,,,,
966,9.66,-2.981661,-0.022758,2.340112,,,,,,,,,,,,,,,,,,,
967,9.67,-2.981724,-0.022723,2.340123,,,,,,,,,,,,,,,,,,,
968,9.68,-2.981779,-0.022732,2.340116,,,,,,,,,,,,,,,,,,,
969,9.69,-2.981804,-0.022708,2.340147,,,,,,,,,,,,,,,,,,,
970,9.7,-2.981808,-0.022712,2.340176,,,,,,,,,,,,,,,,,,,
971,9.71,-2.981846,-0.022705,2.340208,,,,,,,,,,,,,,,,,,,
972,9.72,-2.981902,-0.022664,2.340281,,,,,,,,,,,,,,,,,,,
973,9.73,-2.981946,-0.022636,2.340339,,,,,,,,,,,,,,,,,,,
974,9.74,-2.981982,-0.022616,2.340411,,,,,,,,,,,,,,,,,,,
975,9.75,-2.982039,-0.022599,2.340477,,,,,,,,,,,,,,,,,,,
976,9.76,-2.982079,-0.022633,2.340499,,,,,,,,,,,,,,,,,,,
977,9.77,-2.982136,-0.0226,2.340546,,,,,,,,,,,,,,,,,,,
978,9.78,-2.982155,-0.022565,2.340577,,,,,,,,,,,,,,,,,,,
979,9.79,-2.982166,-0.022536,2.340592,,,,,,,,,,,,,,,,,,,
980,9.8,-2.982192,-0.02252,2.340591,,,,,,,,,,,,,,,,,,,
981,9.81,-2.982217,-0.022504,2.340581,,,,,,,,,,,,,,,,,,,
982,9.82,-2.98225,-0.022456,2.340569,,,,,,,,,,,,,,,,,,,
983,9.83,-2.982265,-0.022405,2.340563,,,,,,,,,,,,,,,,,,,
984,9.84,-2.982281,-0.022375,2.340551,,,,,,,,,,,,,,,,,,,
985,9.85,-2.982301,-0.022384,2.340535,,,,,,,,,,,,,,,,,,,
986,9.86,-2.982333,-0.022402,2.340523,,,,,,,,,,,,,,,,,,,
987,9.87,-2.982339,-0.022393,2.340533,,,,,,,,,,,,,,,,,,,
988,9.88,-2.982315,-0.022393,2.340533,,,,,,,,,,,,,,,,,,,
989,9.89,-2.9823,-0.022391,2.340525,,,,,,,,,,,,,,,,,,,
990,9.9,-2.982286,-0.022423,2.34047,,,,,,,,,,,,,,,,,,,
991,9.91,-2.982301,-0.022373,2.340478,,,,,,,,,,,,,,,,,,,
992,9.92,-2.982298,-0.022371,2.340462,,,,,,,,,,,,,,,,,,,
993,9.93,-2.98228,-0.022373,2.340459,,,,,,,,,,,,,,,,,,,
994,9.94,-2.982295,-0.022387,2.340451,,,,,,,,,,,,,,,,,,,
995,9.95,-2.982304,-0.022422,2.340417,,,,,,,,,,,,,,,,,,,
996,9.96,-2.982317,-0.022404,2.340406,,,,,,,,,,,,,,,,,,,
997,9.97,-2.982322,-0.022382,2.340406,,,,,,,,,,,,,,,,,,,
998,9.98,-2.982362,-0.022371,2.340413,,,,,,,,,,,,,,,,,,,
999,9.99,-2.982388,-0.022362,2.340415,,,,,,,,,,,,,,,,,,,
1000,10,-2.982399,-0.022379,2.340389,,,,,,,,,,,,,,,,,,,
1001,10.01,-2.982392,-0.022419,2.340369,,,,,,,,,,,,,,,,,,,
1002,10.02,-2.982414,-0.022384,2.340424,,,,,,,,,,,,,,,,,,,
1003,10.03,-2.982426,-0.022428,2.340421,,,,,,,,,,,,,,,,,,,
1004,10.04,-2.982445,-0.022473,2.34039,,,,,,,,,,,,,,,,,,,
1005,10.05,-2.982463,-0.02251,2.340357,,,,,,,,,,,,,,,,,,,
1006,10.06,-2.98246,-0.022502,2.340378,,,,,,,,,,,,,,,,,,,
1007,10.07,-2.982499,-0.022486,2.340409,,,,,,,,,,,,,,,,,,,
1008,10.08,-2.982553,-0.022512,2.340413,,,,,,,,,,,,,,,,,,,
1009,10.09,-2.982574,-0.022559,2.340401,,,,,,,,,,,,,,,,,,,
1010,10.1,-2.98257,-0.022576,2.340402,,,,,,,,,,,,,,,,,,,
1011,10.11,-2.982584,-0.022574,2.340413,,,,,,,,,,,,,,,,,,,
1012,10.12,-2.98259,-0.022588,2.340415,,,,,,,,,,,,,,,,,,,
1013,10.13,-2.982632,-0.022546,2.34046,,,,,,,,,,,,,,,,,,,
1014,10.14,-2.982639,-0.022578,2.34047,,,,,,,,,,,,,,,,,,,
1015,10.15,-2.982618,-0.022601,2.340471,,,,,,,,,,,,,,,,,,,
1016,10.16,-2.982599,-0.022632,2.340449,,,,,,,,,,,,,,,,,,,
1017,10.17,-2.982616,-0.022647,2.340415,,,,,,,,,,,,,,,,,,,
1018,10.18,-2.982644,-0.022582,2.34044,,,,,,,,,,,,,,,,,,,
1019,10.19,-2.982619,-0.022616,2.340399,,,,,,,,,,,,,,,,,,,
1020,10.2,-2.982603,-0.022649,2.340366,,,,,,,,,,,,,,,,,,,
1021,10.21,-2.982647,-0.022592,2.340408,,,,,,,,,,,,,,,,,,,
1022,10.22,-2.982681,-0.022604,2.340412,,,,,,,,,,,,,,,,,,,
1023,10.23,-2.982727,-0.022597,2.340448,,,,,,,,,,,,,,,,,,,
1024,10.24,-2.98271,-0.02267,2.34045,,,,,,,,,,,,,,,,,,,
1025,10.25,-2.982729,-0.022692,2.340468,,,,,,,,,,,,,,,,,,,
1026,10.26,-2.982747,-0.022659,2.340513,,,,,,,,,,,,,,,,,,,
1027,10.27,-2.982742,-0.02266,2.340538,,,,,,,,,,,,,,,,,,,
1028,10.28,-2.982748,-0.022642,2.340552,,,,,,,,,,,,,,,,,,,
1029,10.29,-2.982722,-0.022609,2.34056,,,,,,,,,,,,,,,,,,,
1030,10.3,-2.98273,-0.022589,2.340559,,,,,,,,,,,,,,,,,,,
1031,10.31,-2.982746,-0.02261,2.34053,,,,,,,,,,,,,,,,,,,
1032,10.32,-2.98275,-0.022631,2.340513,,,,,,,,,,,,,,,,,,,
1033,10.33,-2.982777,-0.022621,2.340542,,,,,,,,,,,,,,,,,,,
1034,10.34,-2.982786,-0.022647,2.340555,,,,,,,,,,,,,,,,,,,
1035,10.35,-2.982798,-0.022671,2.340563,,,,,,,,,,,,,,,,,,,
1036,10.36,-2.982823,-0.022688,2.340588,,,,,,,,,,,,,,,,,,,
1037,10.37,-2.982822,-0.022676,2.340599,,,,,,,,,,,,,,,,,,,
1038,10.38,-2.982796,-0.022672,2.340584,,,,,,,,,,,,,,,,,,,
1039,10.39,-2.982775,-0.022646,2.34057,,,,,,,,,,,,,,,,,,,
1040,10.4,-2.982771,-0.022635,2.340531,,,,,,,,,,,,,,,,,,,
1041,10.41,-2.98276,-0.022596,2.340516,,,,,,,,,,,,,,,,,,,
1042,10.42,-2.982745,-0.022584,2.340499,,,,,,,,,,,,,,,,,,,
1043,10.43,-2.982708,-0.022601,2.340486,,,,,,,,,,,,,,,,,,,
1044,10.44,-2.98271,-0.02263,2.340462,,,,,,,,,,,,,,,,,,,
1045,10.45,-2.982721,-0.022604,2.340471,,,,,,,,,,,,,,,,,,,
1046,10.46,-2.982712,-0.022619,2.34046,,,,,,,,,,,,,,,,,,,
1047,10.47,-2.982697,-0.022626,2.340466,,,,,,,,,,,,,,,,,,,
1048,10.48,-2.982688,-0.022651,2.340478,,,,,,,,,,,,,,,,,,,
1049,10.49,-2.982693,-0.022659,2.340485,,,,,,,,,,,,,,,,,,,
1050,10.5,-2.982704,-0.022646,2.340487,,,,,,,,,,,,,,,,,,,
1051,10.51,-2.982715,-0.022585,2.340508,,,,,,,,,,,,,,,,,,,
1052,10.52,-2.982683,-0.022581,2.340492,,,,,,,,,,,,,,,,,,,
1053,10.53,-2.982673,-0.022578,2.340471,,,,,,,,,,,,,,,,,,,
1054,10.54,-2.982674,-0.022568,2.340462,,,,,,,,,,,,,,,,,,,
1055,10.55,-2.982672,-0.022578,2.340438,,,,,,,,,,,,,,,,,,,
1056,10.56,-2.982665,-0.022563,2.340431,,,,,,,,,,,,,,,,,,,
1057,10.57,-2.982677,-0.022516,2.340455,,,,,,,,,,,,,,,,,,,
1058,10.58,-2.982654,-0.022539,2.340441,,,,,,,,,,,,,,,,,,,
1059,10.59,-2.982655,-0.022569,2.340422,,,,,,,,,,,,,,,,,,,
1060,10.6,-2.982659,-0.022562,2.340431,,,,,,,,,,,,,,,,,,,
1061,10.61,-2.982628,-0.022562,2.340426,,,,,,,,,,,,,,,,,,,
1062,10.62,-2.982621,-0.022568,2.340428,,,,,,,,,,,,,,,,,,,
1063,10.63,-2.982609,-0.022597,2.340414,,,,,,,,,,,,,,,,,,,
1064,10.64,-2.98263,-0.022584,2.340432,,,,,,,,,,,,,,,,,,,
1065,10.65,-2.982642,-0.022588,2.340447,,,,,,,,,,,,,,,,,,,
1066,10.66,-2.982642,-0.022578,2.340478,,,,,,,,,,,,,,,,,,,
1067,10.67,-2.98264,-0.022583,2.340474,,,,,,,,,,,,,,,,,,,
1068,10.68,-2.98265,-0.022568,2.34048,,,,,,,,,,,,,,,,,,,
1069,10.69,-2.982648,-0.022593,2.340469,,,,,,,,,,,,,,,,,,,
1070,10.7,-2.98265,-0.022579,2.340492,,,,,,,,,,,,,,,,,,,
1071,10.71,-2.982644,-0.02256,2.340515,,,,,,,,,,,,,,,,,,,
1072,10.72,-2.982649,-0.022568,2.340508,,,,,,,,,,,,,,,,,,,
1073,10.73,-2.982628,-0.022601,2.340477,,,,,,,,,,,,,,,,,,,
1074,10.74,-2.982636,-0.022585,2.340496,,,,,,,,,,,,,,,,,,,
1075,10.75,-2.982642,-0.022581,2.340518,,,,,,,,,,,,,,,,,,,
1076,10.76,-2.982627,-0.022611,2.340519,,,,,,,,,,,,,,,,,,,
1077,10.77,-2.982627,-0.022627,2.340516,,,,,,,,,,,,,,,,,,,
1078,10.78,-2.982631,-0.022662,2.340493,,,,,,,,,,,,,,,,,,,
1079,10.79,-2.982595,-0.022649,2.340491,,,,,,,,,,,,,,,,,,,
1080,10.8,-2.982591,-0.02264,2.340482,,,,,,,,,,,,,,,,,,,
1081,10.81,-2.982609,-0.022572,2.340508,,,,,,,,,,,,,,,,,,,
1082,10.82,-2.982619,-0.022588,2.340481,,,,,,,,,,,,,,,,,,,
1083,10.83,-2.982611,-0.022591,2.340478,,,,,,,,,,,,,,,,,,,
1084,10.84,-2.982586,-0.02261,2.340483,,,,,,,,,,,,,,,,,,,
1085,10.85,-2.982572,-0.022639,2.340486,,,,,,,,,,,,,,,,,,,
1086,10.86,-2.982576,-0.022702,2.340471,,,,,,,,,,,,,,,,,,,
1087,10.87,-2.982567,-0.022694,2.340478,,,,,,,,,,,,,,,,,,,
1088,10.88,-2.98258,-0.022666,2.340494,,,,,,,,,,,,,,,,,,,
1089,10.89,-2.982575,-0.022634,2.340528,,,,,,,,,,,,,,,,,,,
1090,10.9,-2.982561,-0.022666,2.340519,,,,,,,,,,,,,,,,,,,
1091,10.91,-2.982586,-0.022676,2.340509,,,,,,,,,,,,,,,,,,,
1092,10.92,-2.98258,-0.022664,2.340494,,,,,,,,,,,,,,,,,,,
1093,10.93,-2.982563,-0.022671,2.340467,,,,,,,,,,,,,,,,,,,
1094,10.94,-2.982556,-0.022687,2.340442,,,,,,,,,,,,,,,,,,,
1095,10.95,-2.982568,-0.022676,2.340431,,,,,,,,,,,,,,,,,,,
1096,10.96,-2.982579,-0.022659,2.340436,,,,,,,,,,,,,,,,,,,
1097,10.97,-2.982584,-0.02264,2.340455,,,,,,,,,,,,,,,,,,,
1098,10.98,-2.982574,-0.02265,2.340465,,,,,,,,,,,,,,,,,,,
1099,10.99,-2.98259,-0.022667,2.340464,,,,,,,,,,,,,,,,,,,
1100,11,-2.982595,-0.022662,2.340482,,,,,,,,,,,,,,,,,,,
1101,11.01,-2.982599,-0.022668,2.34048,,,,,,,,,,,,,,,,,,,
1102,11.02,-2.982601,-0.022636,2.340505,,,,,,,,,,,,,,,,,,,
1103,11.03,-2.982599,-0.022644,2.340493,,,,,,,,,,,,,,,,,,,
1104,11.04,-2.982575,-0.022679,2.340449,,,,,,,,,,,,,,,,,,,
1105,11.05,-2.982589,-0.022634,2.340462,,,,,,,,,,,,,,,,,,,
1106,11.06,-2.982591,-0.022641,2.34046,,,,,,,,,,,,,,,,,,,
1107,11.07,-2.982598,-0.022616,2.340489,,,,,,,,,,,,,,,,,,,
1108,11.08,-2.982613,-0.022605,2.340511,,,,,,,,,,,,,,,,,,,
1109,11.09,-2.982621,-0.022645,2.340502,,,,,,,,,,,,,,,,,,,
1110,11.1,-2.982614,-0.022638,2.340523,,,,,,,,,,,,,,,,,,,
1111,11.11,-2.982618,-0.022613,2.340566,,,,,,,,,,,,,,,,,,,
1112,11.12,-2.982645,-0.022613,2.340569,,,,,,,,,,,,,,,,,,,
1113,11.13,-2.982654,-0.022606,2.340566,,,,,,,,,,,,,,,,,,,
1114,11.14,-2.982658,-0.022592,2.340572,,,,,,,,,,,,,,,,,,,
1115,11.15,-2.982636,-0.022597,2.340577,,,,,,,,,,,,,,,,,,,
1116,11.16,-2.982639,-0.022602,2.340576,,,,,,,,,,,,,,,,,,,
1117,11.17,-2.982659,-0.022584,2.340582,,,,,,,,,,,,,,,,,,,
1118,11.18,-2.982649,-0.022628,2.340562,,,,,,,,,,,,,,,,,,,
1119,11.19,-2.982654,-0.022598,2.340585,,,,,,,,,,,,,,,,,,,
1120,11.2,-2.982639,-0.022587,2.340591,,,,,,,,,,,,,,,,,,,
1121,11.21,-2.982637,-0.022593,2.340577,,,,,,,,,,,,,,,,,,,
1122,11.22,-2.982645,-0.022621,2.340566,,,,,,,,,,,,,,,,,,,
1123,11.23,-2.982658,-0.022602,2.340592,,,,,,,,,,,,,,,,,,,
1124,11.24,-2.982634,-0.022643,2.340593,,,,,,,,,,,,,,,,,,,
1125,11.25,-2.982634,-0.022651,2.340601,,,,,,,,,,,,,,,,,,,
1126,11.26,-2.982645,-0.022648,2.340607,,,,,,,,,,,,,,,,,,,
1127,11.27,-2.982665,-0.022627,2.340609,,,,,,,,,,,,,,,,,,,
1128,11.28,-2.982679,-0.022616,2.340603,,,,,,,,,,,,,,,,,,,
1129,11.29,-2.982671,-0.022582,2.34062,,,,,,,,,,,,,,,,,,,
1130,11.3,-2.982661,-0.022613,2.340615,,,,,,,,,,,,,,,,,,,
1131,11.31,-2.98267,-0.022625,2.34062,,,,,,,,,,,,,,,,,,,
1132,11.32,-2.982676,-0.022622,2.340646,,,,,,,,,,,,,,,,,,,
1133,11.33,-2.982681,-0.022618,2.340661,,,,,,,,,,,,,,,,,,,
1134,11.34,-2.98269,-0.022613,2.340668,,,,,,,,,,,,,,,,,,,
1135,11.35,-2.9827,-0.022619,2.340658,,,,,,,,,,,,,,,,,,,
1136,11.36,-2.982716,-0.022597,2.340661,,,,,,,,,,,,,,,,,,,
1137,11.37,-2.9827,-0.022607,2.340655,,,,,,,,,,,,,,,,,,,
1138,11.38,-2.982701,-0.022586,2.340676,,,,,,,,,,,,,,,,,,,
1139,11.39,-2.982696,-0.022604,2.340676,,,,,,,,,,,,,,,,,,,
1140,11.4,-2.982725,-0.022593,2.340682,,,,,,,,,,,,,,,,,,,
1141,11.41,-2.982702,-0.022629,2.340673,,,,,,,,,,,,,,,,,,,
1142,11.42,-2.982694,-0.022634,2.340677,,,,,,,,,,,,,,,,,,,
1143,11.43,-2.98268,-0.022631,2.340681,,,,,,,,,,,,,,,,,,,
1144,11.44,-2.982676,-0.022624,2.340669,,,,,,,,,,,,,,,,,,,
1145,11.45,-2.982668,-0.022639,2.340643,,,,,,,,,,,,,,,,,,,
1146,11.46,-2.982649,-0.022611,2.340643,,,,,,,,,,,,,,,,,,,
1147,11.47,-2.982644,-0.022606,2.340644,,,,,,,,,,,,,,,,,,,
1148,11.48,-2.982631,-0.022619,2.340628,,,,,,,,,,,,,,,,,,,
1149,11.49,-2.982634,-0.022585,2.340648,,,,,,,,,,,,,,,,,,,
1150,11.5,-2.982631,-0.022565,2.340644,,,,,,,,,,,,,,,,,,,
1151,11.51,-2.982616,-0.02259,2.340635,,,,,,,,,,,,,,,,,,,
1152,11.52,-2.982627,-0.022571,2.340671,,,,,,,,,,,,,,,,,,,
1153,11.53,-2.982654,-0.022557,2.340696,,,,,,,,,,,,,,,,,,,
1154,11.54,-2.982645,-0.022576,2.340688,,,,,,,,,,,,,,,,,,,
1155,11.55,-2.98264,-0.022536,2.340715,,,,,,,,,,,,,,,,,,,
1156,11.56,-2.982641,-0.02256,2.340699,,,,,,,,,,,,,,,,,,,
1157,11.57,-2.982641,-0.022548,2.340711,,,,,,,,,,,,,,,,,,,
1158,11.58,-2.982645,-0.022551,2.340724,,,,,,,,,,,,,,,,,,,
1159,11.59,-2.982653,-0.022565,2.340729,,,,,,,,,,,,,,,,,,,
1160,11.6,-2.982661,-0.022536,2.340754,,,,,,,,,,,,,,,,,,,
1161,11.61,-2.982644,-0.022561,2.340743,,,,,,,,,,,,,,,,,,,
1162,11.62,-2.982648,-0.02255,2.340761,,,,,,,,,,,,,,,,,,,
1163,11.63,-2.982633,-0.022575,2.340767,,,,,,,,,,,,,,,,,,,
1164,11.64,-2.982645,-0.022568,2.340778,,,,,,,,,,,,,,,,,,,
1165,11.65,-2.982654,-0.022556,2.340794,,,,,,,,,,,,,,,,,,,
1166,11.66,-2.982672,-0.022566,2.340796,,,,,,,,,,,,,,,,,,,
1167,11.67,-2.982663,-0.022552,2.340817,,,,,,,,,,,,,,,,,,,
1168,11.68,-2.982653,-0.022539,2.340825,,,,,,,,,,,,,,,,,,,
1169,11.69,-2.982652,-0.022547,2.340804,,,,,,,,,,,,,,,,,,,
1170,11.7,-2.982648,-0.022546,2.340794,,,,,,,,,,,,,,,,,,,
1171,11.71,-2.982644,-0.022541,2.340797,,,,,,,,,,,,,,,,,,,
1172,11.72,-2.982633,-0.022557,2.340794,,,,,,,,,,,,,,,,,,,
1173,11.73,-2.982635,-0.022554,2.340808,,,,,,,,,,,,,,,,,,,
1174,11.74,-2.982631,-0.022524,2.340833,,,,,,,,,,,,,,,,,,,
1175,11.75,-2.982613,-0.022552,2.340815,,,,,,,,,,,,,,,,,,,
1176,11.76,-2.98263,-0.022524,2.34082,,,,,,,,,,,,,,,,,,,
1177,11.77,-2.982635,-0.02252,2.340829,,,,,,,,,,,,,,,,,,,
1178,11.78,-2.982614,-0.022514,2.340844,,,,,,,,,,,,,,,,,,,
1179,11.79,-2.982609,-0.022541,2.340858,,,,,,,,,,,,,,,,,,,
1180,11.8,-2.982593,-0.022562,2.340865,,,,,,,,,,,,,,,,,,,
1181,11.81,-2.982592,-0.02255,2.340875,,,,,,,,,,,,,,,,,,,
1182,11.82,-2.982572,-0.022551,2.340856,,,,,,,,,,,,,,,,,,,
1183,11.83,-2.98257,-0.022553,2.340847,,,,,,,,,,,,,,,,,,,
1184,11.84,-2.982569,-0.022557,2.340852,,,,,,,,,,,,,,,,,,,
1185,11.85,-2.982571,-0.022558,2.340844,,,,,,,,,,,,,,,,,,,
1186,11.86,-2.982572,-0.022552,2.340845,,,,,,,,,,,,,,,,,,,
1187,11.87,-2.982562,-0.022556,2.340837,,,,,,,,,,,,,,,,,,,
1188,11.88,-2.982564,-0.022547,2.340834,,,,,,,,,,,,,,,,,,,
1189,11.89,-2.982537,-0.022544,2.340822,,,,,,,,,,,,,,,,,,,
1190,11.9,-2.982527,-0.022544,2.340797,,,,,,,,,,,,,,,,,,,
1191,11.91,-2.982523,-0.022539,2.340779,,,,,,,,,,,,,,,,,,,
1192,11.92,-2.982515,-0.022548,2.340752,,,,,,,,,,,,,,,,,,,
1193,11.93,-2.982484,-0.022554,2.34075,,,,,,,,,,,,,,,,,,,
1194,11.94,-2.982463,-0.022564,2.340759,,,,,,,,,,,,,,,,,,,
1195,11.95,-2.982443,-0.022565,2.34075,,,,,,,,,,,,,,,,,,,
1196,11.96,-2.982434,-0.022572,2.34073,,,,,,,,,,,,,,,,,,,
1197,11.97,-2.98239,-0.022613,2.340677,,,,,,,,,,,,,,,,,,,
1198,11.98,-2.982362,-0.022577,2.340684,,,,,,,,,,,,,,,,,,,
1199,11.99,-2.982357,-0.02256,2.34069,,,,,,,,,,,,,,,,,,,
1200,12,-2.982356,-0.022557,2.340683,,,,,,,,,,,,,,,,,,,
1201,12.01,-2.98236,-0.022557,2.340661,,,,,,,,,,,,,,,,,,,
1202,12.02,-2.982332,-0.022554,2.340648,,,,,,,,,,,,,,,,,,,
1203,12.03,-2.982316,-0.022571,2.340626,,,,,,,,,,,,,,,,,,,
1204,12.04,-2.982303,-0.022578,2.340618,,,,,,,,,,,,,,,,,,,
1205,12.05,-2.982288,-0.02255,2.340627,,,,,,,,,,,,,,,,,,,
1206,12.06,-2.982271,-0.022585,2.340588,,,,,,,,,,,,,,,,,,,
1207,12.07,-2.98226,-0.022582,2.340567,,,,,,,,,,,,,,,,,,,
1208,12.08,-2.982265,-0.022553,2.340568,,,,,,,,,,,,,,,,,,,
1209,12.09,-2.982213,-0.022589,2.340526,,,,,,,,,,,,,,,,,,,
1210,12.1,-2.982194,-0.022577,2.340529,,,,,,,,,,,,,,,,,,,
1211,12.11,-2.982126,-0.022588,2.340511,,,,,,,,,,,,,,,,,,,
1212,12.12,-2.98211,-0.022551,2.340527,,,,,,,,,,,,,,,,,,,
1213,12.13,-2.982066,-0.022628,2.340457,,,,,,,,,,,,,,,,,,,
1214,12.14,-2.98204,-0.022618,2.34044,,,,,,,,,,,,,,,,,,,
1215,12.15,-2.982027,-0.022588,2.340433,,,,,,,,,,,,,,,,,,,
1216,12.16,-2.982028,-0.02257,2.340412,,,,,,,,,,,,,,,,,,,
1217,12.17,-2.982025,-0.02255,2.34039,,,,,,,,,,,,,,,,,,,
1218,12.18,-2.982025,-0.022592,2.340349,,,,,,,,,,,,,,,,,,,
1219,12.19,-2.982008,-0.022609,2.340335,,,,,,,,,,,,,,,,,,,
1220,12.2,-2.982012,-0.022591,2.340365,,,,,,,,,,,,,,,,,,,
1221,12.21,-2.982036,-0.022584,2.340384,,,,,,,,,,,,,,,,,,,
1222,12.22,-2.982055,-0.022577,2.340409,,,,,,,,,,,,,,,,,,,
1223,12.23,-2.982046,-0.022594,2.3404,,,,,,,,,,,,,,,,,,,
1224,12.24,-2.98205,-0.022609,2.340388,,,,,,,,,,,,,,,,,,,
1225,12.25,-2.982038,-0.022609,2.340397,,,,,,,,,,,,,,,,,,,
1226,12.26,-2.982042,-0.022632,2.34039,,,,,,,,,,,,,,,,,,,
1227,12.27,-2.982025,-0.022629,2.340405,,,,,,,,,,,,,,,,,,,
1228,12.28,-2.982021,-0.022638,2.340387,,,,,,,,,,,,,,,,,,,
1229,12.29,-2.982044,-0.022597,2.340414,,,,,,,,,,,,,,,,,,,
1230,12.3,-2.982016,-0.022627,2.340411,,,,,,,,,,,,,,,,,,,
1231,12.31,-2.982002,-0.022603,2.340426,,,,,,,,,,,,,,,,,,,
1232,12.32,-2.981999,-0.022634,2.340407,,,,,,,,,,,,,,,,,,,
1233,12.33,-2.982027,-0.022613,2.340413,,,,,,,,,,,,,,,,,,,
1234,12.34,-2.982024,-0.022586,2.340441,,,,,,,,,,,,,,,,,,,
1235,12.35,-2.982009,-0.022615,2.340444,,,,,,,,,,,,,,,,,,,
1236,12.36,-2.982019,-0.022612,2.340462,,,,,,,,,,,,,,,,,,,
1237,12.37,-2.982025,-0.022634,2.340474,,,,,,,,,,,,,,,,,,,
1238,12.38,-2.982033,-0.022631,2.34051,,,,,,,,,,,,,,,,,,,
1239,12.39,-2.98202,-0.022647,2.340543,,,,,,,,,,,,,,,,,,,
1240,12.4,-2.982028,-0.022664,2.340575,,,,,,,,,,,,,,,,,,,
1241,12.41,-2.982058,-0.022647,2.340618,,,,,,,,,,,,,,,,,,,
1242,12.42,-2.982043,-0.022684,2.340623,,,,,,,,,,,,,,,,,,,
1243,12.43,-2.982073,-0.02265,2.340674,,,,,,,,,,,,,,,,,,,
1244,12.44,-2.982078,-0.0227,2.340662,,,,,,,,,,,,,,,,,,,
1245,12.45,-2.982103,-0.022678,2.340689,,,,,,,,,,,,,,,,,,,
1246,12.46,-2.982106,-0.022676,2.340681,,,,,,,,,,,,,,,,,,,
1247,12.47,-2.982137,-0.022654,2.340682,,,,,,,,,,,,,,,,,,,
1248,12.48,-2.982158,-0.022652,2.340678,,,,,,,,,,,,,,,,,,,
1249,12.49,-2.982155,-0.022667,2.340682,,,,,,,,,,,,,,,,,,,
1250,12.5,-2.982167,-0.022674,2.340699,,,,,,,,,,,,,,,,,,,
1251,12.51,-2.982169,-0.022699,2.340721,,,,,,,,,,,,,,,,,,,
1252,12.52,-2.982187,-0.022728,2.340738,,,,,,,,,,,,,,,,,,,
1253,12.53,-2.982205,-0.022754,2.340744,,,,,,,,,,,,,,,,,,,
1254,12.54,-2.982213,-0.02277,2.34073,,,,,,,,,,,,,,,,,,,
1255,12.55,-2.982228,-0.02276,2.340724,,,,,,,,,,,,,,,,,,,
1256,12.56,-2.982219,-0.022758,2.340717,,,,,,,,,,,,,,,,,,,
1257,12.57,-2.982204,-0.022743,2.340719,,,,,,,,,,,,,,,,,,,
1258,12.58,-2.982223,-0.022742,2.340709,,,,,,,,,,,,,,,,,,,
1259,12.59,-2.982236,-0.022758,2.340698,,,,,,,,,,,,,,,,,,,
1260,12.6,-2.982224,-0.022759,2.340707,,,,,,,,,,,,,,,,,,,
1261,12.61,-2.98221,-0.022766,2.34071,,,,,,,,,,,,,,,,,,,
1262,12.62,-2.982206,-0.022782,2.340686,,,,,,,,,,,,,,,,,,,
1263,12.63,-2.982208,-0.022771,2.340681,,,,,,,,,,,,,,,,,,,
1264,12.64,-2.982205,-0.022797,2.340655,,,,,,,,,,,,,,,,,,,
1265,12.65,-2.982199,-0.022767,2.340673,,,,,,,,,,,,,,,,,,,
1266,12.66,-2.982191,-0.022769,2.340671,,,,,,,,,,,,,,,,,,,
1267,12.67,-2.982195,-0.022766,2.340677,,,,,,,,,,,,,,,,,,,
1268,12.68,-2.982189,-0.022792,2.340655,,,,,,,,,,,,,,,,,,,
1269,12.69,-2.982192,-0.022789,2.340658,,,,,,,,,,,,,,,,,,,
1270,12.7,-2.982201,-0.022791,2.340654,,,,,,,,,,,,,,,,,,,
1271,12.71,-2.982212,-0.022766,2.340678,,,,,,,,,,,,,,,,,,,
1272,12.72,-2.982213,-0.022761,2.340694,,,,,,,,,,,,,,,,,,,
1273,12.73,-2.982207,-0.022777,2.340688,,,,,,,,,,,,,,,,,,,
1274,12.74,-2.982227,-0.022758,2.340693,,,,,,,,,,,,,,,,,,,
1275,12.75,-2.982209,-0.022765,2.340682,,,,,,,,,,,,,,,,,,,
1276,12.76,-2.982217,-0.022774,2.34068,,,,,,,,,,,,,,,,,,,
1277,12.77,-2.982218,-0.022798,2.340676,,,,,,,,,,,,,,,,,,,
1278,12.78,-2.98221,-0.022812,2.340673,,,,,,,,,,,,,,,,,,,
1279,12.79,-2.982209,-0.0228,2.340687,,,,,,,,,,,,,,,,,,,
1280,12.8,-2.982202,-0.022802,2.340689,,,,,,,,,,,,,,,,,,,
1281,12.81,-2.982211,-0.022806,2.340697,,,,,,,,,,,,,,,,,,,
1282,12.82,-2.982213,-0.022827,2.340698,,,,,,,,,,,,,,,,,,,
1283,12.83,-2.982206,-0.022797,2.340722,,,,,,,,,,,,,,,,,,,
1284,12.84,-2.982215,-0.022803,2.340724,,,,,,,,,,,,,,,,,,,
1285,12.85,-2.982239,-0.022813,2.340726,,,,,,,,,,,,,,,,,,,
1286,12.86,-2.982244,-0.022815,2.340726,,,,,,,,,,,,,,,,,,,
1287,12.87,-2.982232,-0.022834,2.340722,,,,,,,,,,,,,,,,,,,
1288,12.88,-2.982228,-0.022811,2.340753,,,,,,,,,,,,,,,,,,,
1289,12.89,-2.982245,-0.022801,2.340779,,,,,,,,,,,,,,,,,,,
1290,12.9,-2.982271,-0.022818,2.340787,,,,,,,,,,,,,,,,,,,
1291,12.91,-2.982254,-0.02281,2.340809,,,,,,,,,,,,,,,,,,,
1292,12.92,-2.982251,-0.022793,2.340827,,,,,,,,,,,,,,,,,,,
1293,12.93,-2.982246,-0.02276,2.340844,,,,,,,,,,,,,,,,,,,
1294,12.94,-2.98227,-0.022781,2.340829,,,,,,,,,,,,,,,,,,,
1295,12.95,-2.98229,-0.022777,2.340826,,,,,,,,,,,,,,,,,,,
1296,12.96,-2.982269,-0.022775,2.340825,,,,,,,,,,,,,,,,,,,
1297,12.97,-2.982266,-0.022787,2.340819,,,,,,,,,,,,,,,,,,,
1298,12.98,-2.982271,-0.022755,2.340852,,,,,,,,,,,,,,,,,,,
1299,12.99,-2.982272,-0.022788,2.340841,,,,,,,,,,,,,,,,,,,
1300,13,-2.982272,-0.022791,2.340842,,,,,,,,,,,,,,,,,,,
1301,13.01,-2.982262,-0.022797,2.340836,,,,,,,,,,,,,,,,,,,
1302,13.02,-2.982255,-0.022801,2.340835,,,,,,,,,,,,,,,,,,,
1303,13.03,-2.982249,-0.022791,2.340834,,,,,,,,,,,,,,,,,,,
1304,13.04,-2.982265,-0.022801,2.340802,,,,,,,,,,,,,,,,,,,
1305,13.05,-2.98226,-0.022785,2.340802,,,,,,,,,,,,,,,,,,,
1306,13.06,-2.982263,-0.022746,2.340809,,,,,,,,,,,,,,,,,,,
1307,13.07,-2.982242,-0.022757,2.340787,,,,,,,,,,,,,,,,,,,
1308,13.08,-2.982248,-0.022743,2.340796,,,,,,,,,,,,,,,,,,,
1309,13.09,-2.982245,-0.022773,2.340787,,,,,,,,,,,,,,,,,,,
1310,13.1,-2.982241,-0.022743,2.340809,,,,,,,,,,,,,,,,,,,
1311,13.11,-2.982231,-0.022785,2.340768,,,,,,,,,,,,,,,,,,,
1312,13.12,-2.982235,-0.022755,2.340777,,,,,,,,,,,,,,,,,,,
1313,13.13,-2.982243,-0.022752,2.340769,,,,,,,,,,,,,,,,,,,
1314,13.14,-2.982224,-0.02276,2.340756,,,,,,,,,,,,,,,,,,,
1315,13.15,-2.982203,-0.022745,2.34076,,,,,,,,,,,,,,,,,,,
1316,13.16,-2.98219,-0.022747,2.340748,,,,,,,,,,,,,,,,,,,
1317,13.17,-2.982205,-0.022763,2.34072,,,,,,,,,,,,,,,,,,,
1318,13.18,-2.982193,-0.022728,2.340729,,,,,,,,,,,,,,,,,,,
1319,13.19,-2.982177,-0.022719,2.340724,,,,,,,,,,,,,,,,,,,
1320,13.2,-2.982154,-0.02274,2.340711,,,,,,,,,,,,,,,,,,,
1321,13.21,-2.982146,-0.022739,2.340705,,,,,,,,,,,,,,,,,,,
1322,13.22,-2.982142,-0.022751,2.340678,,,,,,,,,,,,,,,,,,,
1323,13.23,-2.982093,-0.022754,2.340674,,,,,,,,,,,,,,,,,,,
1324,13.24,-2.982053,-0.022757,2.340668,,,,,,,,,,,,,,,,,,,
1325,13.25,-2.982024,-0.02277,2.340657,,,,,,,,,,,,,,,,,,,
1326,13.26,-2.982012,-0.022793,2.340621,,,,,,,,,,,,,,,,,,,
1327,13.27,-2.982007,-0.022763,2.340619,,,,,,,,,,,,,,,,,,,
1328,13.28,-2.981987,-0.022757,2.340625,,,,,,,,,,,,,,,,,,,
1329,13.29,-2.981928,-0.022808,2.340601,,,,,,,,,,,,,,,,,,,
1330,13.3,-2.981897,-0.022823,2.340603,,,,,,,,,,,,,,,,,,,
1331,13.31,-2.981874,-0.022844,2.34058,,,,,,,,,,,,,,,,,,,
1332,13.32,-2.981868,-0.022822,2.340582,,,,,,,,,,,,,,,,,,,
1333,13.33,-2.98185,-0.02281,2.34057,,,,,,,,,,,,,,,,,,,
1334,13.34,-2.981831,-0.022805,2.340575,,,,,,,,,,,,,,,,,,,
1335,13.35,-2.981839,-0.022811,2.340575,,,,,,,,,,,,,,,,,,,
1336,13.36,-2.981834,-0.02284,2.340554,,,,,,,,,,,,,,,,,,,
1337,13.37,-2.981832,-0.02281,2.340576,,,,,,,,,,,,,,,,,,,
1338,13.38,-2.98182,-0.022808,2.340581,,,,,,,,,,,,,,,,,,,
1339,13.39,-2.98183,-0.022794,2.340597,,,,,,,,,,,,,,,,,,,
1340,13.4,-2.98183,-0.022801,2.340588,,,,,,,,,,,,,,,,,,,
1341,13.41,-2.981845,-0.022769,2.340608,,,,,,,,,,,,,,,,,,,
1342,13.42,-2.981839,-0.022758,2.3406,,,,,,,,,,,,,,,,,,,
1343,13.43,-2.98185,-0.022754,2.340595,,,,,,,,,,,,,,,,,,,
1344,13.44,-2.981874,-0.022748,2.340598,,,,,,,,,,,,,,,,,,,
1345,13.45,-2.981882,-0.022747,2.340604,,,,,,,,,,,,,,,,,,,
1346,13.46,-2.98189,-0.02275,2.340611,,,,,,,,,,,,,,,,,,,
1347,13.47,-2.981884,-0.022741,2.340625,,,,,,,,,,,,,,,,,,,
1348,13.48,-2.981876,-0.022782,2.340603,,,,,,,,,,,,,,,,,,,
1349,13.49,-2.981886,-0.022771,2.340617,,,,,,,,,,,,,,,,,,,
1350,13.5,-2.98189,-0.022773,2.34063,,,,,,,,,,,,,,,,,,,
1351,13.51,-2.981899,-0.022749,2.340665,,,,,,,,,,,,,,,,,,,
1352,13.52,-2.981914,-0.022761,2.340673,,,,,,,,,,,,,,,,,,,
1353,13.53,-2.981903,-0.022777,2.340662,,,,,,,,,,,,,,,,,,,
1354,13.54,-2.98191,-0.022772,2.340648,,,,,,,,,,,,,,,,,,,
1355,13.55,-2.981912,-0.022775,2.340629,,,,,,,,,,,,,,,,,,,
1356,13.56,-2.981918,-0.022745,2.340648,,,,,,,,,,,,,,,,,,,
1357,13.57,-2.981926,-0.022751,2.340646,,,,,,,,,,,,,,,,,,,
1358,13.58,-2.981954,-0.022772,2.340641,,,,,,,,,,,,,,,,,,,
1359,13.59,-2.981952,-0.022772,2.340649,,,,,,,,,,,,,,,,,,,
1360,13.6,-2.981951,-0.022778,2.340664,,,,,,,,,,,,,,,,,,,
1361,13.61,-2.981957,-0.02279,2.340673,,,,,,,,,,,,,,,,,,,
1362,13.62,-2.981963,-0.022794,2.340671,,,,,,,,,,,,,,,,,,,
1363,13.63,-2.981976,-0.022811,2.340658,,,,,,,,,,,,,,,,,,,
1364,13.64,-2.982001,-0.022793,2.340671,,,,,,,,,,,,,,,,,,,
1365,13.65,-2.982007,-0.022809,2.340678,,,,,,,,,,,,,,,,,,,
1366,13.66,-2.982011,-0.022844,2.340691,,,,,,,,,,,,,,,,,,,
1367,13.67,-2.982035,-0.022838,2.340722,,,,,,,,,,,,,,,,,,,
1368,13.68,-2.982075,-0.022838,2.340746,,,,,,,,,,,,,,,,,,,
1369,13.69,-2.982055,-0.022869,2.340741,,,,,,,,,,,,,,,,,,,
1370,13.7,-2.982082,-0.02284,2.340765,,,,,,,,,,,,,,,,,,,
1371,13.71,-2.982092,-0.022857,2.340761,,,,,,,,,,,,,,,,,,,
1372,13.72,-2.982123,-0.022836,2.340778,,,,,,,,,,,,,,,,,,,
1373,13.73,-2.982146,-0.022772,2.340818,,,,,,,,,,,,,,,,,,,
1374,13.74,-2.982135,-0.022821,2.340786,,,,,,,,,,,,,,,,,,,
1375,13.75,-2.982132,-0.022804,2.340784,,,,,,,,,,,,,,,,,,,
1376,13.76,-2.982138,-0.022797,2.340769,,,,,,,,,,,,,,,,,,,
1377,13.77,-2.982129,-0.022798,2.340755,,,,,,,,,,,,,,,,,,,
1378,13.78,-2.982146,-0.022777,2.340765,,,,,,,,,,,,,,,,,,,
1379,13.79,-2.982141,-0.022786,2.340769,,,,,,,,,,,,,,,,,,,
1380,13.8,-2.982137,-0.022814,2.340766,,,,,,,,,,,,,,,,,,,
1381,13.81,-2.982147,-0.022829,2.340774,,,,,,,,,,,,,,,,,,,
1382,13.82,-2.982156,-0.022804,2.3408,,,,,,,,,,,,,,,,,,,
1383,13.83,-2.982148,-0.022804,2.340804,,,,,,,,,,,,,,,,,,,
1384,13.84,-2.982155,-0.022777,2.340811,,,,,,,,,,,,,,,,,,,
1385,13.85,-2.982145,-0.022805,2.340786,,,,,,,,,,,,,,,,,,,
1386,13.86,-2.982146,-0.022812,2.340788,,,,,,,,,,,,,,,,,,,
1387,13.87,-2.982148,-0.02282,2.340792,,,,,,,,,,,,,,,,,,,
1388,13.88,-2.982148,-0.022821,2.340798,,,,,,,,,,,,,,,,,,,
1389,13.89,-2.982143,-0.02283,2.340786,,,,,,,,,,,,,,,,,,,
1390,13.9,-2.98215,-0.022814,2.340789,,,,,,,,,,,,,,,,,,,
1391,13.91,-2.982142,-0.022847,2.34077,,,,,,,,,,,,,,,,,,,
1392,13.92,-2.98214,-0.022836,2.340775,,,,,,,,,,,,,,,,,,,
1393,13.93,-2.982136,-0.022824,2.340775,,,,,,,,,,,,,,,,,,,
1394,13.94,-2.98214,-0.02282,2.340766,,,,,,,,,,,,,,,,,,,
1395,13.95,-2.982132,-0.022837,2.340752,,,,,,,,,,,,,,,,,,,
1396,13.96,-2.982127,-0.022822,2.340751,,,,,,,,,,,,,,,,,,,
1397,13.97,-2.982113,-0.022814,2.340747,,,,,,,,,,,,,,,,,,,
1398,13.98,-2.982126,-0.022805,2.340744,,,,,,,,,,,,,,,,,,,
1399,13.99,-2.982121,-0.022802,2.340738,,,,,,,,,,,,,,,,,,,
1400,14,-2.982115,-0.022825,2.340733,,,,,,,,,,,,,,,,,,,
1401,14.01,-2.982112,-0.022817,2.340744,,,,,,,,,,,,,,,,,,,
1402,14.02,-2.982117,-0.022808,2.340746,,,,,,,,,,,,,,,,,,,
1403,14.03,-2.982115,-0.022799,2.340754,,,,,,,,,,,,,,,,,,,
1404,14.04,-2.982128,-0.02278,2.340774,,,,,,,,,,,,,,,,,,,
1405,14.05,-2.98212,-0.022785,2.340792,,,,,,,,,,,,,,,,,,,
1406,14.06,-2.982118,-0.02283,2.340782,,,,,,,,,,,,,,,,,,,
1407,14.07,-2.982122,-0.022817,2.340806,,,,,,,,,,,,,,,,,,,
1408,14.08,-2.982121,-0.02283,2.340805,,,,,,,,,,,,,,,,,,,
1409,14.09,-2.982121,-0.022823,2.340799,,,,,,,,,,,,,,,,,,,
1410,14.1,-2.982126,-0.022806,2.340805,,,,,,,,,,,,,,,,,,,
1411,14.11,-2.982103,-0.022828,2.340786,,,,,,,,,,,,,,,,,,,
1412,14.12,-2.982117,-0.022831,2.34079,,,,,,,,,,,,,,,,,,,
1413,14.13,-2.982101,-0.02285,2.340785,,,,,,,,,,,,,,,,,,,
1414,14.14,-2.982103,-0.022832,2.340803,,,,,,,,,,,,,,,,,,,
1415,14.15,-2.982124,-0.0228,2.340827,,,,,,,,,,,,,,,,,,,
1416,14.16,-2.982129,-0.02278,2.340832,,,,,,,,,,,,,,,,,,,
1417,14.17,-2.982134,-0.022761,2.340841,,,,,,,,,,,,,,,,,,,
1418,14.18,-2.982126,-0.022779,2.340835,,,,,,,,,,,,,,,,,,,
1419,14.19,-2.982118,-0.022796,2.340837,,,,,,,,,,,,,,,,,,,
1420,14.2,-2.982133,-0.022784,2.340847,,,,,,,,,,,,,,,,,,,
1421,14.21,-2.982126,-0.022802,2.340828,,,,,,,,,,,,,,,,,,,
1422,14.22,-2.982117,-0.022787,2.340826,,,,,,,,,,,,,,,,,,,
1423,14.23,-2.982124,-0.022824,2.340807,,,,,,,,,,,,,,,,,,,
1424,14.24,-2.982116,-0.02282,2.340822,,,,,,,,,,,,,,,,,,,
1425,14.25,-2.982132,-0.022794,2.340838,,,,,,,,,,,,,,,,,,,
1426,14.26,-2.98211,-0.022803,2.340828,,,,,,,,,,,,,,,,,,,
1427,14.27,-2.98212,-0.022819,2.340816,,,,,,,,,,,,,,,,,,,
1428,14.28,-2.982121,-0.022815,2.340822,,,,,,,,,,,,,,,,,,,
1429,14.29,-2.982133,-0.022807,2.340838,,,,,,,,,,,,,,,,,,,
1430,14.3,-2.982131,-0.022822,2.340825,,,,,,,,,,,,,,,,,,,
1431,14.31,-2.982134,-0.022791,2.340836,,,,,,,,,,,,,,,,,,,
1432,14.32,-2.982117,-0.022784,2.34083,,,,,,,,,,,,,,,,,,,
1433,14.33,-2.982096,-0.02281,2.340799,,,,,,,,,,,,,,,,,,,
1434,14.34,-2.982109,-0.022811,2.340794,,,,,,,,,,,,,,,,,,,
1435,14.35,-2.982103,-0.022801,2.340803,,,,,,,,,,,,,,,,,,,
1436,14.36,-2.982103,-0.022779,2.340816,,,,,,,,,,,,,,,,,,,
1437,14.37,-2.982087,-0.022797,2.340803,,,,,,,,,,,,,,,,,,,
1438,14.38,-2.982076,-0.022807,2.340798,,,,,,,,,,,,,,,,,,,
1439,14.39,-2.982084,-0.022773,2.340822,,,,,,,,,,,,,,,,,,,
1440,14.4,-2.982083,-0.022758,2.34083,,,,,,,,,,,,,,,,,,,
1441,14.41,-2.982077,-0.022749,2.340835,,,,,,,,,,,,,,,,,,,
1442,14.42,-2.982085,-0.022743,2.340849,,,,,,,,,,,,,,,,,,,
1443,14.43,-2.982087,-0.022777,2.340829,,,,,,,,,,,,,,,,,,,
1444,14.44,-2.982075,-0.022782,2.340833,,,,,,,,,,,,,,,,,,,
1445,14.45,-2.982077,-0.022771,2.340837,,,,,,,,,,,,,,,,,,,
1446,14.46,-2.982066,-0.022765,2.340842,,,,,,,,,,,,,,,,,,,
1447,14.47,-2.982072,-0.022758,2.34083,,,,,,,,,,,,,,,,,,,
1448,14.48,-2.982096,-0.02274,2.340822,,,,,,,,,,,,,,,,,,,
1449,14.49,-2.982057,-0.022758,2.34081,,,,,,,,,,,,,,,,,,,
1450,14.5,-2.982079,-0.022762,2.340809,,,,,,,,,,,,,,,,,,,
1451,14.51,-2.982084,-0.022753,2.34082,,,,,,,,,,,,,,,,,,,
1452,14.52,-2.982092,-0.022771,2.340819,,,,,,,,,,,,,,,,,,,
1453,14.53,-2.982093,-0.022787,2.340817,,,,,,,,,,,,,,,,,,,
1454,14.54,-2.982091,-0.022788,2.340824,,,,,,,,,,,,,,,,,,,
1455,14.55,-2.982099,-0.022792,2.340827,,,,,,,,,,,,,,,,,,,
1456,14.56,-2.982093,-0.022821,2.340806,,,,,,,,,,,,,,,,,,,
1457,14.57,-2.982101,-0.022821,2.340797,,,,,,,,,,,,,,,,,,,
1458,14.58,-2.982095,-0.022834,2.340776,,,,,,,,,,,,,,,,,,,
1459,14.59,-2.982101,-0.022818,2.340778,,,,,,,,,,,,,,,,,,,
1460,14.6,-2.982118,-0.022789,2.340791,,,,,,,,,,,,,,,,,,,
1461,14.61,-2.982118,-0.022786,2.340792,,,,,,,,,,,,,,,,,,,
1462,14.62,-2.982107,-0.022782,2.340809,,,,,,,,,,,,,,,,,,,
1463,14.63,-2.982104,-0.022803,2.340804,,,,,,,,,,,,,,,,,,,
1464,14.64,-2.982112,-0.022799,2.340818,,,,,,,,,,,,,,,,,,,
1465,14.65,-2.9821,-0.022827,2.340789,,,,,,,,,,,,,,,,,,,
1466,14.66,-2.982099,-0.022796,2.340784,,,,,,,,,,,,,,,,,,,
1467,14.67,-2.982111,-0.022816,2.340748,,,,,,,,,,,,,,,,,,,
1468,14.68,-2.98211,-0.022808,2.340741,,,,,,,,,,,,,,,,,,,
1469,14.69,-2.982135,-0.022761,2.340774,,,,,,,,,,,,,,,,,,,
1470,14.7,-2.982144,-0.022789,2.340757,,,,,,,,,,,,,,,,,,,
1471,14.71,-2.98214,-0.022755,2.34078,,,,,,,,,,,,,,,,,,,
1472,14.72,-2.982139,-0.022746,2.340793,,,,,,,,,,,,,,,,,,,
1473,14.73,-2.982136,-0.022744,2.34079,,,,,,,,,,,,,,,,,,,
1474,14.74,-2.982141,-0.022774,2.340752,,,,,,,,,,,,,,,,,,,
1475,14.75,-2.982152,-0.022766,2.340744,,,,,,,,,,,,,,,,,,,
1476,14.76,-2.982153,-0.022754,2.340744,,,,,,,,,,,,,,,,,,,
1477,14.77,-2.982148,-0.022743,2.340764,,,,,,,,,,,,,,,,,,,
1478,14.78,-2.982164,-0.022767,2.340762,,,,,,,,,,,,,,,,,,,
1479,14.79,-2.982175,-0.022778,2.34076,,,,,,,,,,,,,,,,,,,
1480,14.8,-2.982155,-0.022801,2.340741,,,,,,,,,,,,,,,,,,,
1481,14.81,-2.982162,-0.022797,2.340744,,,,,,,,,,,,,,,,,,,
1482,14.82,-2.98215,-0.022798,2.340745,,,,,,,,,,,,,,,,,,,
1483,14.83,-2.982169,-0.022791,2.340754,,,,,,,,,,,,,,,,,,,
1484,14.84,-2.982169,-0.022798,2.340738,,,,,,,,,,,,,,,,,,,
1485,14.85,-2.982162,-0.022782,2.340747,,,,,,,,,,,,,,,,,,,
1486,14.86,-2.982158,-0.02277,2.340759,,,,,,,,,,,,,,,,,,,
1487,14.87,-2.982155,-0.022818,2.340746,,,,,,,,,,,,,,,,,,,
1488,14.88,-2.98215,-0.022806,2.340766,,,,,,,,,,,,,,,,,,,
1489,14.89,-2.982181,-0.022779,2.340784,,,,,,,,,,,,,,,,,,,
1490,14.9,-2.982192,-0.022777,2.34079,,,,,,,,,,,,,,,,,,,
1491,14.91,-2.982206,-0.022765,2.340804,,,,,,,,,,,,,,,,,,,
1492,14.92,-2.982231,-0.022756,2.340822,,,,,,,,,,,,,,,,,,,
1493,14.93,-2.982223,-0.022807,2.340794,,,,,,,,,,,,,,,,,,,
1494,14.94,-2.982251,-0.022761,2.340821,,,,,,,,,,,,,,,,,,,
1495,14.95,-2.982261,-0.022786,2.340799,,,,,,,,,,,,,,,,,,,
1496,14.96,-2.982257,-0.02277,2.340802,,,,,,,,,,,,,,,,,,,
1497,14.97,-2.982275,-0.022747,2.340809,,,,,,,,,,,,,,,,,,,
1498,14.98,-2.982292,-0.022751,2.34079,,,,,,,,,,,,,,,,,,,
1499,14.99,-2.982324,-0.022731,2.340787,,,,,,,,,,,,,,,,,,,
1500,15,-2.982302,-0.022766,2.34076,,,,,,,,,,,,,,,,,,,
